# SPDX-FileCopyrightText: © 2026 OpenCHAMI a Series of LF Projects, LLC
# SPDX-License-Identifier: MIT
source	start	end	statements	category	classification	rationale
cmd/boot/bmc/add.go	44.5	45.1	1	1	reachable and behaviorally important	reachable command, configuration, or client behavior
cmd/boot/bmc/add.go	48.5	49.1	1	1	reachable and behaviorally important	reachable command, configuration, or client behavior
cmd/boot/bmc/add.go	65.5	66.1	1	1	reachable and behaviorally important	reachable command, configuration, or client behavior
cmd/boot/bmc/add.go	166.5	167.1	1	1	reachable and behaviorally important	reachable command, configuration, or client behavior
cmd/boot/bmc/delete.go	32.4	33.1	1	1	reachable and behaviorally important	reachable command, configuration, or client behavior
cmd/boot/bmc/delete.go	43.3	44.1	1	1	reachable and behaviorally important	reachable command, configuration, or client behavior
cmd/boot/bmc/delete.go	86.5	87.1	1	1	reachable and behaviorally important	reachable command, configuration, or client behavior
cmd/boot/bmc/get.go	32.5	33.1	1	1	reachable and behaviorally important	reachable command, configuration, or client behavior
cmd/boot/bmc/get.go	43.5	44.1	1	1	reachable and behaviorally important	reachable command, configuration, or client behavior
cmd/boot/bmc/get.go	52.6	53.1	1	1	reachable and behaviorally important	reachable command, configuration, or client behavior
cmd/boot/bmc/get.go	59.5	60.1	1	1	reachable and behaviorally important	reachable command, configuration, or client behavior
cmd/boot/bmc/list.go	27.5	28.1	1	1	reachable and behaviorally important	reachable command, configuration, or client behavior
cmd/boot/bmc/list.go	49.5	50.1	1	1	reachable and behaviorally important	reachable command, configuration, or client behavior
cmd/boot/bmc/patch.go	69.5	70.1	1	1	reachable and behaviorally important	reachable command, configuration, or client behavior
cmd/boot/bmc/patch.go	80.5	81.1	1	1	reachable and behaviorally important	reachable command, configuration, or client behavior
cmd/boot/bmc/patch.go	89.6	90.1	1	1	reachable and behaviorally important	reachable command, configuration, or client behavior
cmd/boot/bmc/patch.go	93.6	94.1	1	1	reachable and behaviorally important	reachable command, configuration, or client behavior
cmd/boot/bmc/patch.go	99.7	100.1	1	1	reachable and behaviorally important	reachable command, configuration, or client behavior
cmd/boot/bmc/patch.go	103.7	104.1	1	1	reachable and behaviorally important	reachable command, configuration, or client behavior
cmd/boot/bmc/set.go	32.3	33.1	1	1	reachable and behaviorally important	reachable command, configuration, or client behavior
cmd/boot/bmc/set.go	45.5	46.1	1	1	reachable and behaviorally important	reachable command, configuration, or client behavior
cmd/boot/bmc/set.go	49.5	50.1	1	1	reachable and behaviorally important	reachable command, configuration, or client behavior
cmd/boot/bmc/set.go	62.5	63.1	1	1	reachable and behaviorally important	reachable command, configuration, or client behavior
cmd/boot/bmc/set.go	66.5	67.1	1	1	reachable and behaviorally important	reachable command, configuration, or client behavior
cmd/boot/bmc/set.go	129.5	130.1	1	1	reachable and behaviorally important	reachable command, configuration, or client behavior
cmd/boot/config/add.go	32.3	33.1	1	1	reachable and behaviorally important	reachable command, configuration, or client behavior
cmd/boot/config/add.go	44.5	45.1	1	1	reachable and behaviorally important	reachable command, configuration, or client behavior
cmd/boot/config/add.go	48.5	49.1	1	1	reachable and behaviorally important	reachable command, configuration, or client behavior
cmd/boot/config/add.go	65.5	66.1	1	1	reachable and behaviorally important	reachable command, configuration, or client behavior
cmd/boot/config/add.go	177.5	178.1	1	1	reachable and behaviorally important	reachable command, configuration, or client behavior
cmd/boot/config/add.go	183.5	184.1	1	1	reachable and behaviorally important	reachable command, configuration, or client behavior
cmd/boot/config/delete.go	32.4	33.1	1	1	reachable and behaviorally important	reachable command, configuration, or client behavior
cmd/boot/config/delete.go	43.3	44.1	1	1	reachable and behaviorally important	reachable command, configuration, or client behavior
cmd/boot/config/delete.go	86.5	87.1	1	1	reachable and behaviorally important	reachable command, configuration, or client behavior
cmd/boot/config/delete.go	92.5	93.1	1	1	reachable and behaviorally important	reachable command, configuration, or client behavior
cmd/boot/config/get.go	29.5	30.1	1	1	reachable and behaviorally important	reachable command, configuration, or client behavior
cmd/boot/config/get.go	35.5	36.1	1	1	reachable and behaviorally important	reachable command, configuration, or client behavior
cmd/boot/config/get.go	40.5	41.1	1	1	reachable and behaviorally important	reachable command, configuration, or client behavior
cmd/boot/config/get.go	53.5	54.1	1	1	reachable and behaviorally important	reachable command, configuration, or client behavior
cmd/boot/config/list.go	27.5	28.1	1	1	reachable and behaviorally important	reachable command, configuration, or client behavior
cmd/boot/config/list.go	49.5	50.1	1	1	reachable and behaviorally important	reachable command, configuration, or client behavior
cmd/boot/config/patch.go	70.5	71.1	1	1	reachable and behaviorally important	reachable command, configuration, or client behavior
cmd/boot/config/patch.go	76.5	77.1	1	1	reachable and behaviorally important	reachable command, configuration, or client behavior
cmd/boot/config/patch.go	81.5	82.1	1	1	reachable and behaviorally important	reachable command, configuration, or client behavior
cmd/boot/config/patch.go	90.6	91.1	1	1	reachable and behaviorally important	reachable command, configuration, or client behavior
cmd/boot/config/patch.go	94.6	95.1	1	1	reachable and behaviorally important	reachable command, configuration, or client behavior
cmd/boot/config/patch.go	100.7	101.1	1	1	reachable and behaviorally important	reachable command, configuration, or client behavior
cmd/boot/config/patch.go	104.7	105.1	1	1	reachable and behaviorally important	reachable command, configuration, or client behavior
cmd/boot/config/set.go	32.3	33.1	1	1	reachable and behaviorally important	reachable command, configuration, or client behavior
cmd/boot/config/set.go	45.5	46.1	1	1	reachable and behaviorally important	reachable command, configuration, or client behavior
cmd/boot/config/set.go	49.5	50.1	1	1	reachable and behaviorally important	reachable command, configuration, or client behavior
cmd/boot/config/set.go	62.5	63.1	1	1	reachable and behaviorally important	reachable command, configuration, or client behavior
cmd/boot/config/set.go	66.5	67.1	1	1	reachable and behaviorally important	reachable command, configuration, or client behavior
cmd/boot/config/set.go	143.5	144.1	1	1	reachable and behaviorally important	reachable command, configuration, or client behavior
cmd/boot/config/set.go	149.5	150.1	1	1	reachable and behaviorally important	reachable command, configuration, or client behavior
cmd/boot/node/add.go	32.3	33.1	1	1	reachable and behaviorally important	reachable command, configuration, or client behavior
cmd/boot/node/add.go	44.5	45.1	1	1	reachable and behaviorally important	reachable command, configuration, or client behavior
cmd/boot/node/add.go	48.5	49.1	1	1	reachable and behaviorally important	reachable command, configuration, or client behavior
cmd/boot/node/add.go	65.5	66.1	1	1	reachable and behaviorally important	reachable command, configuration, or client behavior
cmd/boot/node/add.go	186.5	187.1	1	1	reachable and behaviorally important	reachable command, configuration, or client behavior
cmd/boot/node/add.go	192.5	193.1	1	1	reachable and behaviorally important	reachable command, configuration, or client behavior
cmd/boot/node/delete.go	32.4	33.1	1	1	reachable and behaviorally important	reachable command, configuration, or client behavior
cmd/boot/node/delete.go	43.3	44.1	1	1	reachable and behaviorally important	reachable command, configuration, or client behavior
cmd/boot/node/delete.go	86.5	87.1	1	1	reachable and behaviorally important	reachable command, configuration, or client behavior
cmd/boot/node/delete.go	92.5	93.1	1	1	reachable and behaviorally important	reachable command, configuration, or client behavior
cmd/boot/node/get.go	29.5	30.1	1	1	reachable and behaviorally important	reachable command, configuration, or client behavior
cmd/boot/node/get.go	35.5	36.1	1	1	reachable and behaviorally important	reachable command, configuration, or client behavior
cmd/boot/node/get.go	40.5	41.1	1	1	reachable and behaviorally important	reachable command, configuration, or client behavior
cmd/boot/node/get.go	53.5	54.1	1	1	reachable and behaviorally important	reachable command, configuration, or client behavior
cmd/boot/node/list.go	27.5	28.1	1	1	reachable and behaviorally important	reachable command, configuration, or client behavior
cmd/boot/node/list.go	49.5	50.1	1	1	reachable and behaviorally important	reachable command, configuration, or client behavior
cmd/boot/node/patch.go	70.5	71.1	1	1	reachable and behaviorally important	reachable command, configuration, or client behavior
cmd/boot/node/patch.go	76.5	77.1	1	1	reachable and behaviorally important	reachable command, configuration, or client behavior
cmd/boot/node/patch.go	81.5	82.1	1	1	reachable and behaviorally important	reachable command, configuration, or client behavior
cmd/boot/node/patch.go	90.6	91.1	1	1	reachable and behaviorally important	reachable command, configuration, or client behavior
cmd/boot/node/patch.go	94.6	95.1	1	1	reachable and behaviorally important	reachable command, configuration, or client behavior
cmd/boot/node/patch.go	100.7	101.1	1	1	reachable and behaviorally important	reachable command, configuration, or client behavior
cmd/boot/node/patch.go	104.7	105.1	1	1	reachable and behaviorally important	reachable command, configuration, or client behavior
cmd/boot/node/set.go	32.3	33.1	1	1	reachable and behaviorally important	reachable command, configuration, or client behavior
cmd/boot/node/set.go	45.5	46.1	1	1	reachable and behaviorally important	reachable command, configuration, or client behavior
cmd/boot/node/set.go	49.5	50.1	1	1	reachable and behaviorally important	reachable command, configuration, or client behavior
cmd/boot/node/set.go	62.5	63.1	1	1	reachable and behaviorally important	reachable command, configuration, or client behavior
cmd/boot/node/set.go	66.5	67.1	1	1	reachable and behaviorally important	reachable command, configuration, or client behavior
cmd/boot/node/set.go	140.5	141.1	1	1	reachable and behaviorally important	reachable command, configuration, or client behavior
cmd/boot/node/set.go	146.5	147.1	1	1	reachable and behaviorally important	reachable command, configuration, or client behavior
cmd/boot/service/status.go	27.5	28.1	1	1	reachable and behaviorally important	reachable command, configuration, or client behavior
cmd/boot/service/status.go	33.5	34.1	1	1	reachable and behaviorally important	reachable command, configuration, or client behavior
cmd/boot/service/status.go	39.5	40.1	1	1	reachable and behaviorally important	reachable command, configuration, or client behavior
cmd/boot/service/status.go	44.5	45.1	1	1	reachable and behaviorally important	reachable command, configuration, or client behavior
cmd/bss/boot/image/set.go	44.5	45.1	1	1	reachable and behaviorally important	reachable command, configuration, or client behavior
cmd/bss/boot/image/set.go	55.5	56.1	1	1	reachable and behaviorally important	reachable command, configuration, or client behavior
cmd/bss/boot/image/set.go	63.6	64.1	1	1	reachable and behaviorally important	reachable command, configuration, or client behavior
cmd/bss/boot/image/set.go	72.6	73.1	1	1	reachable and behaviorally important	reachable command, configuration, or client behavior
cmd/bss/boot/image/set.go	81.6	82.1	1	1	reachable and behaviorally important	reachable command, configuration, or client behavior
cmd/bss/boot/image/set.go	95.5	96.1	1	1	reachable and behaviorally important	reachable command, configuration, or client behavior
cmd/bss/boot/image/set.go	98.5	99.1	1	1	reachable and behaviorally important	reachable command, configuration, or client behavior
cmd/bss/boot/image/set.go	107.6	108.1	1	1	reachable and behaviorally important	reachable command, configuration, or client behavior
cmd/bss/boot/image/set.go	110.6	111.1	1	1	reachable and behaviorally important	reachable command, configuration, or client behavior
cmd/bss/boot/image/set.go	119.6	120.1	1	1	reachable and behaviorally important	reachable command, configuration, or client behavior
cmd/bss/boot/image/set.go	130.6	131.1	1	1	reachable and behaviorally important	reachable command, configuration, or client behavior
cmd/bss/boot/image/set.go	141.6	142.1	1	1	reachable and behaviorally important	reachable command, configuration, or client behavior
cmd/bss/boot/image/set.go	145.7	146.1	1	1	reachable and behaviorally important	reachable command, configuration, or client behavior
cmd/bss/boot/image/set.go	155.6	157.14	3	1	reachable and behaviorally important	reachable command, configuration, or client behavior
cmd/bss/boot/image/set.go	167.7	168.1	1	1	reachable and behaviorally important	reachable command, configuration, or client behavior
cmd/bss/boot/params/add.go	118.5	119.1	1	1	reachable and behaviorally important	reachable command, configuration, or client behavior
cmd/bss/boot/params/delete.go	50.3	51.1	1	1	reachable and behaviorally important	reachable command, configuration, or client behavior
cmd/bss/boot/params/delete.go	59.4	60.1	1	1	reachable and behaviorally important	reachable command, configuration, or client behavior
cmd/bss/boot/params/delete.go	66.4	67.1	1	1	reachable and behaviorally important	reachable command, configuration, or client behavior
cmd/bss/boot/params/delete.go	79.5	80.1	1	1	reachable and behaviorally important	reachable command, configuration, or client behavior
cmd/bss/boot/params/delete.go	147.6	148.1	1	1	reachable and behaviorally important	reachable command, configuration, or client behavior
cmd/bss/boot/params/delete.go	165.5	166.1	1	1	reachable and behaviorally important	reachable command, configuration, or client behavior
cmd/bss/boot/params/get.go	63.3	64.1	1	1	reachable and behaviorally important	reachable command, configuration, or client behavior
cmd/bss/boot/params/get.go	66.3	67.1	1	1	reachable and behaviorally important	reachable command, configuration, or client behavior
cmd/bss/boot/params/get.go	94.5	95.1	1	1	reachable and behaviorally important	reachable command, configuration, or client behavior
cmd/bss/boot/params/set.go	59.4	60.1	1	1	reachable and behaviorally important	reachable command, configuration, or client behavior
cmd/bss/boot/params/set.go	102.4	103.1	1	1	reachable and behaviorally important	reachable command, configuration, or client behavior
cmd/bss/boot/params/set.go	150.5	151.1	1	1	reachable and behaviorally important	reachable command, configuration, or client behavior
cmd/bss/boot/params/update.go	58.4	59.1	1	1	reachable and behaviorally important	reachable command, configuration, or client behavior
cmd/bss/boot/params/update.go	65.4	66.1	1	1	reachable and behaviorally important	reachable command, configuration, or client behavior
cmd/bss/boot/params/update.go	147.5	148.1	1	1	reachable and behaviorally important	reachable command, configuration, or client behavior
cmd/bss/boot/script/get.go	37.5	38.1	1	1	reachable and behaviorally important	reachable command, configuration, or client behavior
cmd/bss/boot/script/get.go	48.5	49.1	1	1	reachable and behaviorally important	reachable command, configuration, or client behavior
cmd/bss/boot/script/get.go	68.5	69.25	2	1	reachable and behaviorally important	reachable command, configuration, or client behavior
cmd/bss/boot/script/get.go	70.6	71.1	1	1	reachable and behaviorally important	reachable command, configuration, or client behavior
cmd/bss/boot/script/get.go	95.5	96.1	1	1	reachable and behaviorally important	reachable command, configuration, or client behavior
cmd/bss/dumpstate/dumpstate.go	30.5	31.1	1	1	reachable and behaviorally important	reachable command, configuration, or client behavior
cmd/bss/dumpstate/dumpstate.go	36.5	37.1	1	1	reachable and behaviorally important	reachable command, configuration, or client behavior
cmd/bss/dumpstate/dumpstate.go	41.5	42.1	1	1	reachable and behaviorally important	reachable command, configuration, or client behavior
cmd/bss/dumpstate/dumpstate.go	47.5	48.1	1	1	reachable and behaviorally important	reachable command, configuration, or client behavior
cmd/bss/dumpstate/dumpstate.go	53.5	54.1	1	1	reachable and behaviorally important	reachable command, configuration, or client behavior
cmd/bss/dumpstate/dumpstate.go	56.5	57.1	1	1	reachable and behaviorally important	reachable command, configuration, or client behavior
cmd/bss/history/history.go	32.5	33.1	1	1	reachable and behaviorally important	reachable command, configuration, or client behavior
cmd/bss/history/history.go	43.5	44.1	1	1	reachable and behaviorally important	reachable command, configuration, or client behavior
cmd/bss/history/history.go	53.7	54.1	1	1	reachable and behaviorally important	reachable command, configuration, or client behavior
cmd/bss/history/history.go	60.7	61.1	1	1	reachable and behaviorally important	reachable command, configuration, or client behavior
cmd/bss/history/history.go	76.5	77.1	1	1	reachable and behaviorally important	reachable command, configuration, or client behavior
cmd/bss/history/history.go	79.5	80.1	1	1	reachable and behaviorally important	reachable command, configuration, or client behavior
cmd/bss/hosts/get.go	34.5	35.1	1	1	reachable and behaviorally important	reachable command, configuration, or client behavior
cmd/bss/hosts/get.go	45.5	46.1	1	1	reachable and behaviorally important	reachable command, configuration, or client behavior
cmd/bss/hosts/get.go	57.7	58.1	1	1	reachable and behaviorally important	reachable command, configuration, or client behavior
cmd/bss/hosts/get.go	64.7	65.1	1	1	reachable and behaviorally important	reachable command, configuration, or client behavior
cmd/bss/hosts/get.go	69.6	70.20	2	1	reachable and behaviorally important	reachable command, configuration, or client behavior
cmd/bss/hosts/get.go	71.7	72.1	1	1	reachable and behaviorally important	reachable command, configuration, or client behavior
cmd/bss/hosts/get.go	73.6	73.45	1	1	reachable and behaviorally important	reachable command, configuration, or client behavior
cmd/bss/hosts/get.go	85.5	86.1	1	1	reachable and behaviorally important	reachable command, configuration, or client behavior
cmd/bss/hosts/get.go	88.5	89.1	1	1	reachable and behaviorally important	reachable command, configuration, or client behavior
cmd/bss/service/status.go	37.3	38.1	1	1	reachable and behaviorally important	reachable command, configuration, or client behavior
cmd/bss/service/status.go	61.5	62.1	1	1	reachable and behaviorally important	reachable command, configuration, or client behavior
cmd/bss/service/status.go	72.5	73.1	1	1	reachable and behaviorally important	reachable command, configuration, or client behavior
cmd/bss/service/status.go	93.5	94.1	1	1	reachable and behaviorally important	reachable command, configuration, or client behavior
cmd/bss/service/status.go	96.5	97.1	1	1	reachable and behaviorally important	reachable command, configuration, or client behavior
cmd/bss/service/version.go	30.5	31.1	1	2	reachable but low-risk	low-risk completion, command wiring, or informational output
cmd/bss/service/version.go	36.5	37.1	1	2	reachable but low-risk	low-risk completion, command wiring, or informational output
cmd/bss/service/version.go	41.5	42.1	1	2	reachable but low-risk	low-risk completion, command wiring, or informational output
cmd/bss/service/version.go	47.5	48.1	1	2	reachable but low-risk	low-risk completion, command wiring, or informational output
cmd/bss/service/version.go	53.5	54.1	1	2	reachable but low-risk	low-risk completion, command wiring, or informational output
cmd/bss/service/version.go	56.5	57.1	1	2	reachable but low-risk	low-risk completion, command wiring, or informational output
cmd/bss/status/status.go	31.5	32.1	1	1	reachable and behaviorally important	reachable command, configuration, or client behavior
cmd/bss/status/status.go	37.5	38.1	1	1	reachable and behaviorally important	reachable command, configuration, or client behavior
cmd/bss/status/status.go	42.5	43.1	1	1	reachable and behaviorally important	reachable command, configuration, or client behavior
cmd/bss/status/status.go	48.5	49.1	1	1	reachable and behaviorally important	reachable command, configuration, or client behavior
cmd/bss/status/status.go	50.5	51.1	1	1	reachable and behaviorally important	reachable command, configuration, or client behavior
cmd/bss/status/status.go	52.5	53.1	1	1	reachable and behaviorally important	reachable command, configuration, or client behavior
cmd/bss/status/status.go	54.5	55.1	1	1	reachable and behaviorally important	reachable command, configuration, or client behavior
cmd/bss/status/status.go	59.5	60.1	1	1	reachable and behaviorally important	reachable command, configuration, or client behavior
cmd/bss/status/status.go	65.5	66.1	1	1	reachable and behaviorally important	reachable command, configuration, or client behavior
cmd/bss/status/status.go	68.5	69.1	1	1	reachable and behaviorally important	reachable command, configuration, or client behavior
cmd/cloud_init/defaults/get.go	33.5	34.1	1	1	reachable and behaviorally important	reachable command, configuration, or client behavior
cmd/cloud_init/defaults/get.go	39.5	40.1	1	1	reachable and behaviorally important	reachable command, configuration, or client behavior
cmd/cloud_init/defaults/get.go	44.5	45.1	1	1	reachable and behaviorally important	reachable command, configuration, or client behavior
cmd/cloud_init/defaults/get.go	59.5	60.1	1	1	reachable and behaviorally important	reachable command, configuration, or client behavior
cmd/cloud_init/defaults/set.go	61.5	62.1	1	1	reachable and behaviorally important	reachable command, configuration, or client behavior
cmd/cloud_init/defaults/set.go	72.5	73.1	1	1	reachable and behaviorally important	reachable command, configuration, or client behavior
cmd/cloud_init/defaults/set.go	84.5	84.64	1	1	reachable and behaviorally important	reachable command, configuration, or client behavior
cmd/cloud_init/defaults/set.go	85.6	86.1	1	1	reachable and behaviorally important	reachable command, configuration, or client behavior
cmd/cloud_init/defaults/set.go	91.5	92.1	1	1	reachable and behaviorally important	reachable command, configuration, or client behavior
cmd/cloud_init/group/add.go	64.5	65.1	1	1	reachable and behaviorally important	reachable command, configuration, or client behavior
cmd/cloud_init/group/add.go	75.5	76.1	1	1	reachable and behaviorally important	reachable command, configuration, or client behavior
cmd/cloud_init/group/add.go	88.6	89.1	1	1	reachable and behaviorally important	reachable command, configuration, or client behavior
cmd/cloud_init/group/delete.go	38.4	39.1	1	1	reachable and behaviorally important	reachable command, configuration, or client behavior
cmd/cloud_init/group/delete.go	49.3	50.1	1	1	reachable and behaviorally important	reachable command, configuration, or client behavior
cmd/cloud_init/group/delete.go	110.6	111.1	1	1	reachable and behaviorally important	reachable command, configuration, or client behavior
cmd/cloud_init/group/delete.go	120.5	121.1	1	1	reachable and behaviorally important	reachable command, configuration, or client behavior
cmd/cloud_init/group/delete.go	130.6	131.1	1	1	reachable and behaviorally important	reachable command, configuration, or client behavior
cmd/cloud_init/group/delete.go	142.5	143.1	1	1	reachable and behaviorally important	reachable command, configuration, or client behavior
cmd/cloud_init/group/get.go	36.3	37.1	1	1	reachable and behaviorally important	reachable command, configuration, or client behavior
cmd/cloud_init/group/get.go	44.4	45.1	1	1	reachable and behaviorally important	reachable command, configuration, or client behavior
cmd/cloud_init/group/get.go	60.4	61.1	1	1	reachable and behaviorally important	reachable command, configuration, or client behavior
cmd/cloud_init/group/get.go	88.5	89.1	1	1	reachable and behaviorally important	reachable command, configuration, or client behavior
cmd/cloud_init/group/get.go	134.5	135.1	1	1	reachable and behaviorally important	reachable command, configuration, or client behavior
cmd/cloud_init/group/get.go	153.6	154.14	2	1	reachable and behaviorally important	reachable command, configuration, or client behavior
cmd/cloud_init/group/get.go	170.6	171.1	1	1	reachable and behaviorally important	reachable command, configuration, or client behavior
cmd/cloud_init/group/get.go	182.7	183.1	1	1	reachable and behaviorally important	reachable command, configuration, or client behavior
cmd/cloud_init/group/get.go	186.7	187.1	1	1	reachable and behaviorally important	reachable command, configuration, or client behavior
cmd/cloud_init/group/get.go	191.8	192.1	1	1	reachable and behaviorally important	reachable command, configuration, or client behavior
cmd/cloud_init/group/get.go	194.7	194.165	1	1	reachable and behaviorally important	reachable command, configuration, or client behavior
cmd/cloud_init/group/get.go	195.8	196.1	1	1	reachable and behaviorally important	reachable command, configuration, or client behavior
cmd/cloud_init/group/get.go	227.5	228.1	1	1	reachable and behaviorally important	reachable command, configuration, or client behavior
cmd/cloud_init/group/get.go	254.5	255.1	1	1	reachable and behaviorally important	reachable command, configuration, or client behavior
cmd/cloud_init/group/get.go	260.5	261.1	1	1	reachable and behaviorally important	reachable command, configuration, or client behavior
cmd/cloud_init/group/get.go	263.5	264.1	1	1	reachable and behaviorally important	reachable command, configuration, or client behavior
cmd/cloud_init/group/get.go	292.5	293.1	1	1	reachable and behaviorally important	reachable command, configuration, or client behavior
cmd/cloud_init/group/get.go	305.5	306.1	1	1	reachable and behaviorally important	reachable command, configuration, or client behavior
cmd/cloud_init/group/get.go	311.5	312.1	1	1	reachable and behaviorally important	reachable command, configuration, or client behavior
cmd/cloud_init/group/get.go	314.5	315.1	1	1	reachable and behaviorally important	reachable command, configuration, or client behavior
cmd/cloud_init/group/render.go	47.5	48.1	1	1	reachable and behaviorally important	reachable command, configuration, or client behavior
cmd/cloud_init/group/render.go	58.5	59.1	1	1	reachable and behaviorally important	reachable command, configuration, or client behavior
cmd/cloud_init/group/render.go	64.5	65.1	1	1	reachable and behaviorally important	reachable command, configuration, or client behavior
cmd/cloud_init/group/render.go	70.5	70.93	1	1	reachable and behaviorally important	reachable command, configuration, or client behavior
cmd/cloud_init/group/render.go	83.5	84.1	1	1	reachable and behaviorally important	reachable command, configuration, or client behavior
cmd/cloud_init/group/render.go	89.5	89.102	1	1	reachable and behaviorally important	reachable command, configuration, or client behavior
cmd/cloud_init/group/render.go	94.5	95.1	1	1	reachable and behaviorally important	reachable command, configuration, or client behavior
cmd/cloud_init/group/render.go	119.5	120.1	1	1	reachable and behaviorally important	reachable command, configuration, or client behavior
cmd/cloud_init/group/render.go	123.5	124.1	1	1	reachable and behaviorally important	reachable command, configuration, or client behavior
cmd/cloud_init/group/render.go	128.5	129.1	1	1	reachable and behaviorally important	reachable command, configuration, or client behavior
cmd/cloud_init/group/set.go	64.5	65.1	1	1	reachable and behaviorally important	reachable command, configuration, or client behavior
cmd/cloud_init/group/set.go	75.5	76.1	1	1	reachable and behaviorally important	reachable command, configuration, or client behavior
cmd/cloud_init/group/set.go	87.5	87.65	1	1	reachable and behaviorally important	reachable command, configuration, or client behavior
cmd/cloud_init/group/set.go	88.6	89.1	1	1	reachable and behaviorally important	reachable command, configuration, or client behavior
cmd/cloud_init/node/get.go	64.5	65.1	1	1	reachable and behaviorally important	reachable command, configuration, or client behavior
cmd/cloud_init/node/get.go	75.5	76.1	1	1	reachable and behaviorally important	reachable command, configuration, or client behavior
cmd/cloud_init/node/get.go	81.5	82.1	1	1	reachable and behaviorally important	reachable command, configuration, or client behavior
cmd/cloud_init/node/get.go	91.7	92.1	1	1	reachable and behaviorally important	reachable command, configuration, or client behavior
cmd/cloud_init/node/get.go	105.6	106.14	2	1	reachable and behaviorally important	reachable command, configuration, or client behavior
cmd/cloud_init/node/get.go	115.7	116.1	1	1	reachable and behaviorally important	reachable command, configuration, or client behavior
cmd/cloud_init/node/get.go	119.7	120.1	1	1	reachable and behaviorally important	reachable command, configuration, or client behavior
cmd/cloud_init/node/get.go	124.8	125.1	1	1	reachable and behaviorally important	reachable command, configuration, or client behavior
cmd/cloud_init/node/get.go	128.8	129.1	1	1	reachable and behaviorally important	reachable command, configuration, or client behavior
cmd/cloud_init/node/get.go	158.5	159.1	1	1	reachable and behaviorally important	reachable command, configuration, or client behavior
cmd/cloud_init/node/get.go	169.5	170.1	1	1	reachable and behaviorally important	reachable command, configuration, or client behavior
cmd/cloud_init/node/get.go	175.5	176.1	1	1	reachable and behaviorally important	reachable command, configuration, or client behavior
cmd/cloud_init/node/get.go	199.6	200.1	1	1	reachable and behaviorally important	reachable command, configuration, or client behavior
cmd/cloud_init/node/get.go	208.5	209.1	1	1	reachable and behaviorally important	reachable command, configuration, or client behavior
cmd/cloud_init/node/get.go	214.5	215.1	1	1	reachable and behaviorally important	reachable command, configuration, or client behavior
cmd/cloud_init/node/get.go	217.5	218.1	1	1	reachable and behaviorally important	reachable command, configuration, or client behavior
cmd/cloud_init/node/get.go	244.5	245.1	1	1	reachable and behaviorally important	reachable command, configuration, or client behavior
cmd/cloud_init/node/get.go	255.5	256.1	1	1	reachable and behaviorally important	reachable command, configuration, or client behavior
cmd/cloud_init/node/get.go	261.5	262.1	1	1	reachable and behaviorally important	reachable command, configuration, or client behavior
cmd/cloud_init/node/get.go	271.7	272.1	1	1	reachable and behaviorally important	reachable command, configuration, or client behavior
cmd/cloud_init/node/get.go	290.7	291.1	1	1	reachable and behaviorally important	reachable command, configuration, or client behavior
cmd/cloud_init/node/get.go	294.7	295.1	1	1	reachable and behaviorally important	reachable command, configuration, or client behavior
cmd/cloud_init/node/get.go	299.8	300.1	1	1	reachable and behaviorally important	reachable command, configuration, or client behavior
cmd/cloud_init/node/get.go	303.8	304.1	1	1	reachable and behaviorally important	reachable command, configuration, or client behavior
cmd/cloud_init/node/get.go	333.5	334.1	1	1	reachable and behaviorally important	reachable command, configuration, or client behavior
cmd/cloud_init/node/get.go	344.5	345.1	1	1	reachable and behaviorally important	reachable command, configuration, or client behavior
cmd/cloud_init/node/get.go	350.5	351.1	1	1	reachable and behaviorally important	reachable command, configuration, or client behavior
cmd/cloud_init/node/get.go	356.5	356.17	1	1	reachable and behaviorally important	reachable command, configuration, or client behavior
cmd/cloud_init/node/get.go	357.6	357.52	1	1	reachable and behaviorally important	reachable command, configuration, or client behavior
cmd/cloud_init/node/get.go	358.7	359.1	1	1	reachable and behaviorally important	reachable command, configuration, or client behavior
cmd/cloud_init/node/get.go	360.7	361.1	1	1	reachable and behaviorally important	reachable command, configuration, or client behavior
cmd/cloud_init/node/get.go	362.6	362.27	1	1	reachable and behaviorally important	reachable command, configuration, or client behavior
cmd/cloud_init/node/get.go	366.5	367.1	1	1	reachable and behaviorally important	reachable command, configuration, or client behavior
cmd/cloud_init/node/get.go	379.7	380.1	1	1	reachable and behaviorally important	reachable command, configuration, or client behavior
cmd/cloud_init/node/get.go	383.7	384.1	1	1	reachable and behaviorally important	reachable command, configuration, or client behavior
cmd/cloud_init/node/get.go	388.8	389.1	1	1	reachable and behaviorally important	reachable command, configuration, or client behavior
cmd/cloud_init/node/get.go	392.8	393.1	1	1	reachable and behaviorally important	reachable command, configuration, or client behavior
cmd/cloud_init/node/set.go	68.5	69.1	1	1	reachable and behaviorally important	reachable command, configuration, or client behavior
cmd/cloud_init/node/set.go	79.5	80.1	1	1	reachable and behaviorally important	reachable command, configuration, or client behavior
cmd/cloud_init/node/set.go	92.6	93.1	1	1	reachable and behaviorally important	reachable command, configuration, or client behavior
cmd/cloud_init/node/set.go	99.5	100.1	1	1	reachable and behaviorally important	reachable command, configuration, or client behavior
cmd/cloud_init/service/status.go	33.5	34.1	1	1	reachable and behaviorally important	reachable command, configuration, or client behavior
cmd/cloud_init/service/status.go	39.5	40.1	1	1	reachable and behaviorally important	reachable command, configuration, or client behavior
cmd/cloud_init/service/status.go	47.9	48.1	1	1	reachable and behaviorally important	reachable command, configuration, or client behavior
cmd/cloud_init/service/status.go	54.8	55.1	1	1	reachable and behaviorally important	reachable command, configuration, or client behavior
cmd/cloud_init/service/status.go	61.7	62.1	1	1	reachable and behaviorally important	reachable command, configuration, or client behavior
cmd/cloud_init/service/status.go	74.7	75.1	1	1	reachable and behaviorally important	reachable command, configuration, or client behavior
cmd/cloud_init/service/status.go	85.6	86.1	1	1	reachable and behaviorally important	reachable command, configuration, or client behavior
cmd/cloud_init/service/status.go	88.6	89.1	1	1	reachable and behaviorally important	reachable command, configuration, or client behavior
cmd/cloud_init/service/version.go	30.5	31.1	1	2	reachable but low-risk	low-risk completion, command wiring, or informational output
cmd/cloud_init/service/version.go	36.5	37.1	1	2	reachable but low-risk	low-risk completion, command wiring, or informational output
cmd/cloud_init/service/version.go	47.5	48.1	1	2	reachable but low-risk	low-risk completion, command wiring, or informational output
cmd/cloud_init/service/version.go	50.5	51.1	1	2	reachable but low-risk	low-risk completion, command wiring, or informational output
cmd/config/cluster/delete.go	39.5	40.1	1	1	reachable and behaviorally important	reachable command, configuration, or client behavior
cmd/config/cluster/delete.go	46.11	46.79	1	1	reachable and behaviorally important	reachable command, configuration, or client behavior
cmd/config/cluster/delete.go	48.5	49.1	1	1	reachable and behaviorally important	reachable command, configuration, or client behavior
cmd/config/cluster/delete.go	50.5	51.1	1	1	reachable and behaviorally important	reachable command, configuration, or client behavior
cmd/config/cluster/delete.go	56.5	57.1	1	1	reachable and behaviorally important	reachable command, configuration, or client behavior
cmd/config/cluster/delete.go	61.5	62.1	1	1	reachable and behaviorally important	reachable command, configuration, or client behavior
cmd/config/cluster/delete.go	82.5	83.1	1	1	reachable and behaviorally important	reachable command, configuration, or client behavior
cmd/config/cluster/delete.go	86.5	87.1	1	1	reachable and behaviorally important	reachable command, configuration, or client behavior
cmd/config/cluster/delete.go	91.5	92.1	1	1	reachable and behaviorally important	reachable command, configuration, or client behavior
cmd/config/cluster/set.go	61.5	62.1	1	1	reachable and behaviorally important	reachable command, configuration, or client behavior
cmd/config/cluster/set.go	68.11	68.62	1	1	reachable and behaviorally important	reachable command, configuration, or client behavior
cmd/config/cluster/set.go	70.5	71.1	1	1	reachable and behaviorally important	reachable command, configuration, or client behavior
cmd/config/cluster/set.go	72.5	73.1	1	1	reachable and behaviorally important	reachable command, configuration, or client behavior
cmd/config/cluster/set.go	78.6	79.1	1	1	reachable and behaviorally important	reachable command, configuration, or client behavior
cmd/config/cluster/set.go	82.6	83.1	1	1	reachable and behaviorally important	reachable command, configuration, or client behavior
cmd/config/cluster/set.go	92.5	93.1	1	1	reachable and behaviorally important	reachable command, configuration, or client behavior
cmd/config/cluster/set.go	95.5	96.1	1	1	reachable and behaviorally important	reachable command, configuration, or client behavior
cmd/config/cluster/show.go	43.5	44.1	1	1	reachable and behaviorally important	reachable command, configuration, or client behavior
cmd/config/cluster/show.go	50.5	51.19	2	1	reachable and behaviorally important	reachable command, configuration, or client behavior
cmd/config/cluster/show.go	52.6	53.1	1	1	reachable and behaviorally important	reachable command, configuration, or client behavior
cmd/config/cluster/show.go	55.5	56.19	2	1	reachable and behaviorally important	reachable command, configuration, or client behavior
cmd/config/cluster/show.go	57.6	58.1	1	1	reachable and behaviorally important	reachable command, configuration, or client behavior
cmd/config/cluster/show.go	62.6	63.1	1	1	reachable and behaviorally important	reachable command, configuration, or client behavior
cmd/config/cluster/show.go	65.5	66.1	1	1	reachable and behaviorally important	reachable command, configuration, or client behavior
cmd/config/cluster/show.go	74.6	75.1	1	1	reachable and behaviorally important	reachable command, configuration, or client behavior
cmd/config/cluster/show.go	80.6	81.1	1	1	reachable and behaviorally important	reachable command, configuration, or client behavior
cmd/config/cluster/show.go	98.6	98.19	1	1	reachable and behaviorally important	reachable command, configuration, or client behavior
cmd/config/cluster/show.go	99.7	100.1	1	1	reachable and behaviorally important	reachable command, configuration, or client behavior
cmd/config/cluster/show.go	101.6	101.96	1	1	reachable and behaviorally important	reachable command, configuration, or client behavior
cmd/config/cluster/show.go	106.6	107.1	1	1	reachable and behaviorally important	reachable command, configuration, or client behavior
cmd/config/cluster/unset.go	39.5	40.1	1	1	reachable and behaviorally important	reachable command, configuration, or client behavior
cmd/config/cluster/unset.go	46.11	46.62	1	1	reachable and behaviorally important	reachable command, configuration, or client behavior
cmd/config/cluster/unset.go	48.5	49.1	1	1	reachable and behaviorally important	reachable command, configuration, or client behavior
cmd/config/cluster/unset.go	50.5	51.1	1	1	reachable and behaviorally important	reachable command, configuration, or client behavior
cmd/config/set.go	52.5	53.1	1	1	reachable and behaviorally important	reachable command, configuration, or client behavior
cmd/config/set.go	60.11	60.81	1	1	reachable and behaviorally important	reachable command, configuration, or client behavior
cmd/config/set.go	62.5	63.1	1	1	reachable and behaviorally important	reachable command, configuration, or client behavior
cmd/config/set.go	64.5	65.1	1	1	reachable and behaviorally important	reachable command, configuration, or client behavior
cmd/config/set.go	75.6	76.1	1	1	reachable and behaviorally important	reachable command, configuration, or client behavior
cmd/config/set.go	79.6	80.1	1	1	reachable and behaviorally important	reachable command, configuration, or client behavior
cmd/config/show.go	44.5	45.1	1	1	reachable and behaviorally important	reachable command, configuration, or client behavior
cmd/config/show.go	51.5	52.19	2	1	reachable and behaviorally important	reachable command, configuration, or client behavior
cmd/config/show.go	53.6	54.1	1	1	reachable and behaviorally important	reachable command, configuration, or client behavior
cmd/config/show.go	56.5	57.19	2	1	reachable and behaviorally important	reachable command, configuration, or client behavior
cmd/config/show.go	58.6	59.1	1	1	reachable and behaviorally important	reachable command, configuration, or client behavior
cmd/config/show.go	63.6	64.1	1	1	reachable and behaviorally important	reachable command, configuration, or client behavior
cmd/config/show.go	78.6	79.1	1	1	reachable and behaviorally important	reachable command, configuration, or client behavior
cmd/config/show.go	84.6	85.1	1	1	reachable and behaviorally important	reachable command, configuration, or client behavior
cmd/config/unset.go	50.5	51.1	1	1	reachable and behaviorally important	reachable command, configuration, or client behavior
cmd/config/unset.go	57.11	57.70	1	1	reachable and behaviorally important	reachable command, configuration, or client behavior
cmd/config/unset.go	59.5	60.1	1	1	reachable and behaviorally important	reachable command, configuration, or client behavior
cmd/config/unset.go	61.5	62.1	1	1	reachable and behaviorally important	reachable command, configuration, or client behavior
cmd/config/unset.go	66.5	67.1	1	1	reachable and behaviorally important	reachable command, configuration, or client behavior
cmd/discover/static/static.go	144.5	145.1	1	1	reachable and behaviorally important	reachable command, configuration, or client behavior
cmd/discover/static/static.go	155.5	156.1	1	1	reachable and behaviorally important	reachable command, configuration, or client behavior
cmd/discover/static/static.go	161.5	162.1	1	1	reachable and behaviorally important	reachable command, configuration, or client behavior
cmd/discover/static/static.go	197.6	198.1	1	1	reachable and behaviorally important	reachable command, configuration, or client behavior
cmd/discover/static/static.go	208.6	209.1	1	1	reachable and behaviorally important	reachable command, configuration, or client behavior
cmd/discover/static/static.go	213.6	214.1	1	1	reachable and behaviorally important	reachable command, configuration, or client behavior
cmd/discover/static/static.go	234.6	235.1	1	1	reachable and behaviorally important	reachable command, configuration, or client behavior
cmd/discover/static/static.go	241.6	242.1	1	1	reachable and behaviorally important	reachable command, configuration, or client behavior
cmd/discover/static/static.go	246.6	247.1	1	1	reachable and behaviorally important	reachable command, configuration, or client behavior
cmd/discover/static/static.go	269.6	270.1	1	1	reachable and behaviorally important	reachable command, configuration, or client behavior
cmd/discover/static/static.go	333.8	334.1	1	1	reachable and behaviorally important	reachable command, configuration, or client behavior
cmd/discover/static/static.go	340.8	341.1	1	1	reachable and behaviorally important	reachable command, configuration, or client behavior
cmd/discover/static/static.go	358.9	359.1	1	1	reachable and behaviorally important	reachable command, configuration, or client behavior
cmd/discover/static/static.go	382.9	383.1	1	1	reachable and behaviorally important	reachable command, configuration, or client behavior
cmd/discover/static/static.go	389.9	390.1	1	1	reachable and behaviorally important	reachable command, configuration, or client behavior
cmd/discover/static/static.go	429.8	430.1	1	1	reachable and behaviorally important	reachable command, configuration, or client behavior
cmd/discover/static/static.go	436.8	437.1	1	1	reachable and behaviorally important	reachable command, configuration, or client behavior
cmd/metadata/defaults/add.go	42.5	43.1	1	1	reachable and behaviorally important	reachable command, configuration, or client behavior
cmd/metadata/defaults/add.go	46.5	47.1	1	1	reachable and behaviorally important	reachable command, configuration, or client behavior
cmd/metadata/defaults/add.go	63.5	64.1	1	1	reachable and behaviorally important	reachable command, configuration, or client behavior
cmd/metadata/defaults/add.go	174.5	175.1	1	1	reachable and behaviorally important	reachable command, configuration, or client behavior
cmd/metadata/defaults/delete.go	29.3	30.1	1	1	reachable and behaviorally important	reachable command, configuration, or client behavior
cmd/metadata/defaults/delete.go	37.4	38.1	1	1	reachable and behaviorally important	reachable command, configuration, or client behavior
cmd/metadata/defaults/delete.go	90.5	91.1	1	1	reachable and behaviorally important	reachable command, configuration, or client behavior
cmd/metadata/defaults/get.go	32.5	33.1	1	1	reachable and behaviorally important	reachable command, configuration, or client behavior
cmd/metadata/defaults/get.go	43.5	44.1	1	1	reachable and behaviorally important	reachable command, configuration, or client behavior
cmd/metadata/defaults/get.go	52.6	53.1	1	1	reachable and behaviorally important	reachable command, configuration, or client behavior
cmd/metadata/defaults/get.go	59.5	60.1	1	1	reachable and behaviorally important	reachable command, configuration, or client behavior
cmd/metadata/defaults/list.go	27.5	28.1	1	1	reachable and behaviorally important	reachable command, configuration, or client behavior
cmd/metadata/defaults/list.go	50.5	51.1	1	1	reachable and behaviorally important	reachable command, configuration, or client behavior
cmd/metadata/defaults/patch.go	67.5	68.1	1	1	reachable and behaviorally important	reachable command, configuration, or client behavior
cmd/metadata/defaults/patch.go	84.6	85.1	1	1	reachable and behaviorally important	reachable command, configuration, or client behavior
cmd/metadata/defaults/patch.go	89.6	90.1	1	1	reachable and behaviorally important	reachable command, configuration, or client behavior
cmd/metadata/defaults/patch.go	96.7	97.1	1	1	reachable and behaviorally important	reachable command, configuration, or client behavior
cmd/metadata/defaults/patch.go	100.7	101.1	1	1	reachable and behaviorally important	reachable command, configuration, or client behavior
cmd/metadata/defaults/patch.go	113.5	114.1	1	1	reachable and behaviorally important	reachable command, configuration, or client behavior
cmd/metadata/defaults/set.go	45.5	46.1	1	1	reachable and behaviorally important	reachable command, configuration, or client behavior
cmd/metadata/defaults/set.go	49.5	50.1	1	1	reachable and behaviorally important	reachable command, configuration, or client behavior
cmd/metadata/defaults/set.go	62.5	63.1	1	1	reachable and behaviorally important	reachable command, configuration, or client behavior
cmd/metadata/defaults/set.go	66.5	67.1	1	1	reachable and behaviorally important	reachable command, configuration, or client behavior
cmd/metadata/defaults/set.go	80.3	81.1	1	1	reachable and behaviorally important	reachable command, configuration, or client behavior
cmd/metadata/defaults/set.go	134.5	135.1	1	1	reachable and behaviorally important	reachable command, configuration, or client behavior
cmd/metadata/group/add.go	34.3	35.1	1	1	reachable and behaviorally important	reachable command, configuration, or client behavior
cmd/metadata/group/add.go	46.5	47.1	1	1	reachable and behaviorally important	reachable command, configuration, or client behavior
cmd/metadata/group/add.go	50.5	51.1	1	1	reachable and behaviorally important	reachable command, configuration, or client behavior
cmd/metadata/group/add.go	67.5	68.1	1	1	reachable and behaviorally important	reachable command, configuration, or client behavior
cmd/metadata/group/add.go	179.5	180.1	1	1	reachable and behaviorally important	reachable command, configuration, or client behavior
cmd/metadata/group/add.go	185.5	186.1	1	1	reachable and behaviorally important	reachable command, configuration, or client behavior
cmd/metadata/group/delete.go	29.3	30.1	1	1	reachable and behaviorally important	reachable command, configuration, or client behavior
cmd/metadata/group/delete.go	37.4	38.1	1	1	reachable and behaviorally important	reachable command, configuration, or client behavior
cmd/metadata/group/delete.go	90.5	91.1	1	1	reachable and behaviorally important	reachable command, configuration, or client behavior
cmd/metadata/group/delete.go	96.5	97.1	1	1	reachable and behaviorally important	reachable command, configuration, or client behavior
cmd/metadata/group/get.go	35.5	36.1	1	1	reachable and behaviorally important	reachable command, configuration, or client behavior
cmd/metadata/group/get.go	41.5	42.1	1	1	reachable and behaviorally important	reachable command, configuration, or client behavior
cmd/metadata/group/get.go	46.5	47.1	1	1	reachable and behaviorally important	reachable command, configuration, or client behavior
cmd/metadata/group/get.go	55.6	56.1	1	1	reachable and behaviorally important	reachable command, configuration, or client behavior
cmd/metadata/group/get.go	62.5	63.1	1	1	reachable and behaviorally important	reachable command, configuration, or client behavior
cmd/metadata/group/list.go	27.5	28.1	1	1	reachable and behaviorally important	reachable command, configuration, or client behavior
cmd/metadata/group/list.go	50.5	51.1	1	1	reachable and behaviorally important	reachable command, configuration, or client behavior
cmd/metadata/group/patch.go	67.5	68.1	1	1	reachable and behaviorally important	reachable command, configuration, or client behavior
cmd/metadata/group/patch.go	73.5	74.1	1	1	reachable and behaviorally important	reachable command, configuration, or client behavior
cmd/metadata/group/patch.go	78.5	79.1	1	1	reachable and behaviorally important	reachable command, configuration, or client behavior
cmd/metadata/group/patch.go	84.6	85.1	1	1	reachable and behaviorally important	reachable command, configuration, or client behavior
cmd/metadata/group/patch.go	89.6	90.1	1	1	reachable and behaviorally important	reachable command, configuration, or client behavior
cmd/metadata/group/patch.go	96.7	97.1	1	1	reachable and behaviorally important	reachable command, configuration, or client behavior
cmd/metadata/group/patch.go	100.7	101.1	1	1	reachable and behaviorally important	reachable command, configuration, or client behavior
cmd/metadata/group/patch.go	113.5	114.1	1	1	reachable and behaviorally important	reachable command, configuration, or client behavior
cmd/metadata/group/set.go	32.3	33.1	1	1	reachable and behaviorally important	reachable command, configuration, or client behavior
cmd/metadata/group/set.go	45.5	46.1	1	1	reachable and behaviorally important	reachable command, configuration, or client behavior
cmd/metadata/group/set.go	49.5	50.1	1	1	reachable and behaviorally important	reachable command, configuration, or client behavior
cmd/metadata/group/set.go	62.5	63.1	1	1	reachable and behaviorally important	reachable command, configuration, or client behavior
cmd/metadata/group/set.go	66.5	67.1	1	1	reachable and behaviorally important	reachable command, configuration, or client behavior
cmd/metadata/group/set.go	80.3	81.1	1	1	reachable and behaviorally important	reachable command, configuration, or client behavior
cmd/metadata/group/set.go	131.5	132.1	1	1	reachable and behaviorally important	reachable command, configuration, or client behavior
cmd/metadata/group/set.go	137.5	138.1	1	1	reachable and behaviorally important	reachable command, configuration, or client behavior
cmd/metadata/instance/add.go	33.3	34.1	1	1	reachable and behaviorally important	reachable command, configuration, or client behavior
cmd/metadata/instance/add.go	45.5	46.1	1	1	reachable and behaviorally important	reachable command, configuration, or client behavior
cmd/metadata/instance/add.go	49.5	50.1	1	1	reachable and behaviorally important	reachable command, configuration, or client behavior
cmd/metadata/instance/add.go	66.5	67.1	1	1	reachable and behaviorally important	reachable command, configuration, or client behavior
cmd/metadata/instance/add.go	159.5	160.1	1	1	reachable and behaviorally important	reachable command, configuration, or client behavior
cmd/metadata/instance/add.go	165.5	166.1	1	1	reachable and behaviorally important	reachable command, configuration, or client behavior
cmd/metadata/instance/delete.go	29.3	30.1	1	1	reachable and behaviorally important	reachable command, configuration, or client behavior
cmd/metadata/instance/delete.go	37.4	38.1	1	1	reachable and behaviorally important	reachable command, configuration, or client behavior
cmd/metadata/instance/delete.go	90.5	91.1	1	1	reachable and behaviorally important	reachable command, configuration, or client behavior
cmd/metadata/instance/delete.go	96.5	97.1	1	1	reachable and behaviorally important	reachable command, configuration, or client behavior
cmd/metadata/instance/get.go	35.5	36.1	1	1	reachable and behaviorally important	reachable command, configuration, or client behavior
cmd/metadata/instance/get.go	41.5	42.1	1	1	reachable and behaviorally important	reachable command, configuration, or client behavior
cmd/metadata/instance/get.go	46.5	47.1	1	1	reachable and behaviorally important	reachable command, configuration, or client behavior
cmd/metadata/instance/get.go	55.6	56.1	1	1	reachable and behaviorally important	reachable command, configuration, or client behavior
cmd/metadata/instance/get.go	62.5	63.1	1	1	reachable and behaviorally important	reachable command, configuration, or client behavior
cmd/metadata/instance/list.go	27.5	28.1	1	1	reachable and behaviorally important	reachable command, configuration, or client behavior
cmd/metadata/instance/list.go	50.5	51.1	1	1	reachable and behaviorally important	reachable command, configuration, or client behavior
cmd/metadata/instance/patch.go	67.5	68.1	1	1	reachable and behaviorally important	reachable command, configuration, or client behavior
cmd/metadata/instance/patch.go	73.5	74.1	1	1	reachable and behaviorally important	reachable command, configuration, or client behavior
cmd/metadata/instance/patch.go	78.5	79.1	1	1	reachable and behaviorally important	reachable command, configuration, or client behavior
cmd/metadata/instance/patch.go	84.6	85.1	1	1	reachable and behaviorally important	reachable command, configuration, or client behavior
cmd/metadata/instance/patch.go	89.6	90.1	1	1	reachable and behaviorally important	reachable command, configuration, or client behavior
cmd/metadata/instance/patch.go	96.7	97.1	1	1	reachable and behaviorally important	reachable command, configuration, or client behavior
cmd/metadata/instance/patch.go	100.7	101.1	1	1	reachable and behaviorally important	reachable command, configuration, or client behavior
cmd/metadata/instance/patch.go	113.5	114.1	1	1	reachable and behaviorally important	reachable command, configuration, or client behavior
cmd/metadata/instance/set.go	32.3	33.1	1	1	reachable and behaviorally important	reachable command, configuration, or client behavior
cmd/metadata/instance/set.go	45.5	46.1	1	1	reachable and behaviorally important	reachable command, configuration, or client behavior
cmd/metadata/instance/set.go	49.5	50.1	1	1	reachable and behaviorally important	reachable command, configuration, or client behavior
cmd/metadata/instance/set.go	62.5	63.1	1	1	reachable and behaviorally important	reachable command, configuration, or client behavior
cmd/metadata/instance/set.go	66.5	67.1	1	1	reachable and behaviorally important	reachable command, configuration, or client behavior
cmd/metadata/instance/set.go	80.3	81.1	1	1	reachable and behaviorally important	reachable command, configuration, or client behavior
cmd/metadata/instance/set.go	131.5	132.1	1	1	reachable and behaviorally important	reachable command, configuration, or client behavior
cmd/metadata/instance/set.go	137.5	138.1	1	1	reachable and behaviorally important	reachable command, configuration, or client behavior
cmd/metadata/peer/add.go	33.3	34.1	1	1	reachable and behaviorally important	reachable command, configuration, or client behavior
cmd/metadata/peer/add.go	45.5	46.1	1	1	reachable and behaviorally important	reachable command, configuration, or client behavior
cmd/metadata/peer/add.go	49.5	50.1	1	1	reachable and behaviorally important	reachable command, configuration, or client behavior
cmd/metadata/peer/add.go	66.5	67.1	1	1	reachable and behaviorally important	reachable command, configuration, or client behavior
cmd/metadata/peer/add.go	173.5	174.1	1	1	reachable and behaviorally important	reachable command, configuration, or client behavior
cmd/metadata/peer/add.go	179.5	180.1	1	1	reachable and behaviorally important	reachable command, configuration, or client behavior
cmd/metadata/peer/delete.go	29.3	30.1	1	1	reachable and behaviorally important	reachable command, configuration, or client behavior
cmd/metadata/peer/delete.go	37.4	38.1	1	1	reachable and behaviorally important	reachable command, configuration, or client behavior
cmd/metadata/peer/delete.go	90.5	91.1	1	1	reachable and behaviorally important	reachable command, configuration, or client behavior
cmd/metadata/peer/delete.go	96.5	97.1	1	1	reachable and behaviorally important	reachable command, configuration, or client behavior
cmd/metadata/peer/get.go	35.5	36.1	1	1	reachable and behaviorally important	reachable command, configuration, or client behavior
cmd/metadata/peer/get.go	41.5	42.1	1	1	reachable and behaviorally important	reachable command, configuration, or client behavior
cmd/metadata/peer/get.go	46.5	47.1	1	1	reachable and behaviorally important	reachable command, configuration, or client behavior
cmd/metadata/peer/get.go	55.6	56.1	1	1	reachable and behaviorally important	reachable command, configuration, or client behavior
cmd/metadata/peer/get.go	62.5	63.1	1	1	reachable and behaviorally important	reachable command, configuration, or client behavior
cmd/metadata/peer/list.go	27.5	28.1	1	1	reachable and behaviorally important	reachable command, configuration, or client behavior
cmd/metadata/peer/list.go	50.5	51.1	1	1	reachable and behaviorally important	reachable command, configuration, or client behavior
cmd/metadata/peer/patch.go	67.5	68.1	1	1	reachable and behaviorally important	reachable command, configuration, or client behavior
cmd/metadata/peer/patch.go	73.5	74.1	1	1	reachable and behaviorally important	reachable command, configuration, or client behavior
cmd/metadata/peer/patch.go	78.5	79.1	1	1	reachable and behaviorally important	reachable command, configuration, or client behavior
cmd/metadata/peer/patch.go	84.6	85.1	1	1	reachable and behaviorally important	reachable command, configuration, or client behavior
cmd/metadata/peer/patch.go	89.6	90.1	1	1	reachable and behaviorally important	reachable command, configuration, or client behavior
cmd/metadata/peer/patch.go	96.7	97.1	1	1	reachable and behaviorally important	reachable command, configuration, or client behavior
cmd/metadata/peer/patch.go	100.7	101.1	1	1	reachable and behaviorally important	reachable command, configuration, or client behavior
cmd/metadata/peer/patch.go	113.5	114.1	1	1	reachable and behaviorally important	reachable command, configuration, or client behavior
cmd/metadata/peer/set.go	32.3	33.1	1	1	reachable and behaviorally important	reachable command, configuration, or client behavior
cmd/metadata/peer/set.go	45.5	46.1	1	1	reachable and behaviorally important	reachable command, configuration, or client behavior
cmd/metadata/peer/set.go	49.5	50.1	1	1	reachable and behaviorally important	reachable command, configuration, or client behavior
cmd/metadata/peer/set.go	62.5	63.1	1	1	reachable and behaviorally important	reachable command, configuration, or client behavior
cmd/metadata/peer/set.go	66.5	67.1	1	1	reachable and behaviorally important	reachable command, configuration, or client behavior
cmd/metadata/peer/set.go	80.3	81.1	1	1	reachable and behaviorally important	reachable command, configuration, or client behavior
cmd/metadata/peer/set.go	139.5	140.1	1	1	reachable and behaviorally important	reachable command, configuration, or client behavior
cmd/metadata/peer/set.go	145.5	146.1	1	1	reachable and behaviorally important	reachable command, configuration, or client behavior
cmd/metadata/service/status.go	27.5	28.1	1	1	reachable and behaviorally important	reachable command, configuration, or client behavior
cmd/metadata/service/status.go	33.5	34.1	1	1	reachable and behaviorally important	reachable command, configuration, or client behavior
cmd/metadata/service/status.go	45.5	46.1	1	1	reachable and behaviorally important	reachable command, configuration, or client behavior
cmd/pcs/service/status.go	59.3	59.51	1	1	reachable and behaviorally important	reachable command, configuration, or client behavior
cmd/pcs/service/status.go	60.4	61.1	1	1	reachable and behaviorally important	reachable command, configuration, or client behavior
cmd/pcs/service/status.go	62.3	62.89	1	1	reachable and behaviorally important	reachable command, configuration, or client behavior
cmd/pcs/service/status.go	101.5	102.1	1	1	reachable and behaviorally important	reachable command, configuration, or client behavior
cmd/pcs/service/status.go	107.5	108.1	1	1	reachable and behaviorally important	reachable command, configuration, or client behavior
cmd/pcs/service/status.go	127.6	128.1	1	1	reachable and behaviorally important	reachable command, configuration, or client behavior
cmd/pcs/service/status.go	145.5	146.1	1	1	reachable and behaviorally important	reachable command, configuration, or client behavior
cmd/pcs/service/status.go	148.5	149.1	1	1	reachable and behaviorally important	reachable command, configuration, or client behavior
cmd/pcs/service/status.go	151.5	152.1	1	1	reachable and behaviorally important	reachable command, configuration, or client behavior
cmd/pcs/service/status.go	167.5	168.1	1	1	reachable and behaviorally important	reachable command, configuration, or client behavior
cmd/pcs/service/status.go	170.5	171.1	1	1	reachable and behaviorally important	reachable command, configuration, or client behavior
cmd/pcs/status/list.go	116.5	117.1	1	1	reachable and behaviorally important	reachable command, configuration, or client behavior
cmd/pcs/status/list.go	139.5	140.1	1	1	reachable and behaviorally important	reachable command, configuration, or client behavior
cmd/pcs/status/list.go	145.5	146.1	1	1	reachable and behaviorally important	reachable command, configuration, or client behavior
cmd/pcs/status/list.go	148.5	149.1	1	1	reachable and behaviorally important	reachable command, configuration, or client behavior
cmd/pcs/status/show.go	40.5	41.1	1	1	reachable and behaviorally important	reachable command, configuration, or client behavior
cmd/pcs/status/show.go	51.5	52.1	1	1	reachable and behaviorally important	reachable command, configuration, or client behavior
cmd/pcs/status/show.go	57.5	58.1	1	1	reachable and behaviorally important	reachable command, configuration, or client behavior
cmd/pcs/status/show.go	64.5	65.1	1	1	reachable and behaviorally important	reachable command, configuration, or client behavior
cmd/pcs/status/show.go	75.5	76.1	1	1	reachable and behaviorally important	reachable command, configuration, or client behavior
cmd/pcs/status/show.go	78.5	79.1	1	1	reachable and behaviorally important	reachable command, configuration, or client behavior
cmd/pcs/transition/abort.go	36.5	37.1	1	1	reachable and behaviorally important	reachable command, configuration, or client behavior
cmd/pcs/transition/abort.go	47.5	48.1	1	1	reachable and behaviorally important	reachable command, configuration, or client behavior
cmd/pcs/transition/abort.go	59.5	60.1	1	1	reachable and behaviorally important	reachable command, configuration, or client behavior
cmd/pcs/transition/abort.go	65.5	66.1	1	1	reachable and behaviorally important	reachable command, configuration, or client behavior
cmd/pcs/transition/abort.go	68.5	69.1	1	1	reachable and behaviorally important	reachable command, configuration, or client behavior
cmd/pcs/transition/list.go	34.5	35.1	1	1	reachable and behaviorally important	reachable command, configuration, or client behavior
cmd/pcs/transition/list.go	63.5	64.1	1	1	reachable and behaviorally important	reachable command, configuration, or client behavior
cmd/pcs/transition/list.go	66.5	67.1	1	1	reachable and behaviorally important	reachable command, configuration, or client behavior
cmd/pcs/transition/monitor.go	74.3	75.1	1	1	reachable and behaviorally important	reachable command, configuration, or client behavior
cmd/pcs/transition/monitor.go	116.5	117.1	1	1	reachable and behaviorally important	reachable command, configuration, or client behavior
cmd/pcs/transition/monitor.go	121.5	122.1	1	1	reachable and behaviorally important	reachable command, configuration, or client behavior
cmd/pcs/transition/show.go	36.5	37.1	1	1	reachable and behaviorally important	reachable command, configuration, or client behavior
cmd/pcs/transition/show.go	47.5	48.1	1	1	reachable and behaviorally important	reachable command, configuration, or client behavior
cmd/pcs/transition/show.go	66.5	67.1	1	1	reachable and behaviorally important	reachable command, configuration, or client behavior
cmd/pcs/transition/show.go	69.5	70.1	1	1	reachable and behaviorally important	reachable command, configuration, or client behavior
cmd/pcs/transition/start.go	61.3	62.1	1	1	reachable and behaviorally important	reachable command, configuration, or client behavior
cmd/pcs/transition/start.go	74.3	75.1	1	1	reachable and behaviorally important	reachable command, configuration, or client behavior
cmd/pcs/transition/start.go	80.3	81.1	1	1	reachable and behaviorally important	reachable command, configuration, or client behavior
cmd/pcs/transition/start.go	83.3	84.1	1	1	reachable and behaviorally important	reachable command, configuration, or client behavior
cmd/pcs/transition/start.go	104.5	105.1	1	1	reachable and behaviorally important	reachable command, configuration, or client behavior
cmd/rcs/console/connect.go	28.5	29.1	1	1	reachable and behaviorally important	reachable command, configuration, or client behavior
cmd/rcs/console/connect.go	33.5	34.1	1	1	reachable and behaviorally important	reachable command, configuration, or client behavior
cmd/rcs/console/connect.go	39.5	40.1	1	1	reachable and behaviorally important	reachable command, configuration, or client behavior
cmd/rcs/console/list.go	28.5	29.1	1	1	reachable and behaviorally important	reachable command, configuration, or client behavior
cmd/rcs/console/list.go	33.5	34.1	1	1	reachable and behaviorally important	reachable command, configuration, or client behavior
cmd/rcs/console/list.go	46.5	47.1	1	1	reachable and behaviorally important	reachable command, configuration, or client behavior
cmd/rcs/console/list.go	49.5	50.1	1	1	reachable and behaviorally important	reachable command, configuration, or client behavior
cmd/rcs/console/show.go	31.5	32.1	1	1	reachable and behaviorally important	reachable command, configuration, or client behavior
cmd/rcs/console/show.go	36.5	37.1	1	1	reachable and behaviorally important	reachable command, configuration, or client behavior
cmd/rcs/console/show.go	41.5	42.1	1	1	reachable and behaviorally important	reachable command, configuration, or client behavior
cmd/rcs/console/show.go	46.5	47.1	1	1	reachable and behaviorally important	reachable command, configuration, or client behavior
cmd/rcs/console/show.go	53.5	54.1	1	1	reachable and behaviorally important	reachable command, configuration, or client behavior
cmd/rcs/console/show.go	57.5	58.1	1	1	reachable and behaviorally important	reachable command, configuration, or client behavior
cmd/rcs/service/status.go	28.5	29.1	1	1	reachable and behaviorally important	reachable command, configuration, or client behavior
cmd/rcs/service/status.go	33.5	34.1	1	1	reachable and behaviorally important	reachable command, configuration, or client behavior
cmd/rcs/service/status.go	38.5	39.1	1	1	reachable and behaviorally important	reachable command, configuration, or client behavior
cmd/rcs/service/status.go	43.5	44.1	1	1	reachable and behaviorally important	reachable command, configuration, or client behavior
cmd/rcs/service/status.go	48.5	49.1	1	1	reachable and behaviorally important	reachable command, configuration, or client behavior
cmd/rcs/service/status.go	51.5	52.1	1	1	reachable and behaviorally important	reachable command, configuration, or client behavior
cmd/root.go	91.5	92.1	1	1	reachable and behaviorally important	reachable command, configuration, or client behavior
cmd/root.go	103.7	104.1	1	1	reachable and behaviorally important	reachable command, configuration, or client behavior
cmd/root.go	125.5	126.1	1	1	reachable and behaviorally important	reachable command, configuration, or client behavior
cmd/root.go	198.2	200.71	3	3	process-boundary integration	requires subprocess exit or top-level process execution
cmd/root.go	201.3	202.1	1	3	process-boundary integration	requires subprocess exit or top-level process execution
cmd/root.go	220.3	222.1	2	3	process-boundary integration	requires subprocess exit or top-level process execution
cmd/smd/compep/delete.go	41.4	42.1	1	1	reachable and behaviorally important	reachable command, configuration, or client behavior
cmd/smd/compep/delete.go	52.3	53.1	1	1	reachable and behaviorally important	reachable command, configuration, or client behavior
cmd/smd/compep/delete.go	147.5	148.1	1	1	reachable and behaviorally important	reachable command, configuration, or client behavior
cmd/smd/compep/get.go	34.5	35.1	1	1	reachable and behaviorally important	reachable command, configuration, or client behavior
cmd/smd/compep/get.go	59.6	60.1	1	1	reachable and behaviorally important	reachable command, configuration, or client behavior
cmd/smd/compep/get.go	62.6	63.1	1	1	reachable and behaviorally important	reachable command, configuration, or client behavior
cmd/smd/compep/get.go	74.8	75.1	1	1	reachable and behaviorally important	reachable command, configuration, or client behavior
cmd/smd/compep/get.go	90.8	91.16	2	1	reachable and behaviorally important	reachable command, configuration, or client behavior
cmd/smd/compep/get.go	105.6	106.1	1	1	reachable and behaviorally important	reachable command, configuration, or client behavior
cmd/smd/compep/get.go	111.6	112.1	1	1	reachable and behaviorally important	reachable command, configuration, or client behavior
cmd/smd/compep/get.go	114.6	115.1	1	1	reachable and behaviorally important	reachable command, configuration, or client behavior
cmd/smd/component/add.go	65.6	66.1	1	1	reachable and behaviorally important	reachable command, configuration, or client behavior
cmd/smd/component/add.go	69.6	70.1	1	1	reachable and behaviorally important	reachable command, configuration, or client behavior
cmd/smd/component/add.go	79.5	80.1	1	1	reachable and behaviorally important	reachable command, configuration, or client behavior
cmd/smd/component/add.go	108.6	110.1	2	1	reachable and behaviorally important	reachable command, configuration, or client behavior
cmd/smd/component/delete.go	41.4	42.1	1	1	reachable and behaviorally important	reachable command, configuration, or client behavior
cmd/smd/component/delete.go	52.3	53.1	1	1	reachable and behaviorally important	reachable command, configuration, or client behavior
cmd/smd/component/delete.go	61.4	62.1	1	1	reachable and behaviorally important	reachable command, configuration, or client behavior
cmd/smd/component/delete.go	79.4	82.1	1	1	reachable and behaviorally important	reachable command, configuration, or client behavior
cmd/smd/component/delete.go	136.6	137.1	1	1	reachable and behaviorally important	reachable command, configuration, or client behavior
cmd/smd/component/delete.go	150.5	151.1	1	1	reachable and behaviorally important	reachable command, configuration, or client behavior
cmd/smd/component/get.go	31.5	32.1	1	1	reachable and behaviorally important	reachable command, configuration, or client behavior
cmd/smd/component/get.go	44.6	45.1	1	1	reachable and behaviorally important	reachable command, configuration, or client behavior
cmd/smd/component/get.go	51.6	52.1	1	1	reachable and behaviorally important	reachable command, configuration, or client behavior
cmd/smd/component/get.go	57.6	58.1	1	1	reachable and behaviorally important	reachable command, configuration, or client behavior
cmd/smd/component/get.go	73.5	74.1	1	1	reachable and behaviorally important	reachable command, configuration, or client behavior
cmd/smd/group/add.go	42.3	43.1	1	1	reachable and behaviorally important	reachable command, configuration, or client behavior
cmd/smd/group/add.go	137.6	138.1	1	1	reachable and behaviorally important	reachable command, configuration, or client behavior
cmd/smd/group/add.go	151.5	152.1	1	1	reachable and behaviorally important	reachable command, configuration, or client behavior
cmd/smd/group/delete.go	34.4	35.1	1	1	reachable and behaviorally important	reachable command, configuration, or client behavior
cmd/smd/group/delete.go	45.3	46.1	1	1	reachable and behaviorally important	reachable command, configuration, or client behavior
cmd/smd/group/delete.go	54.4	55.1	1	1	reachable and behaviorally important	reachable command, configuration, or client behavior
cmd/smd/group/delete.go	114.6	115.1	1	1	reachable and behaviorally important	reachable command, configuration, or client behavior
cmd/smd/group/delete.go	118.6	119.1	1	1	reachable and behaviorally important	reachable command, configuration, or client behavior
cmd/smd/group/delete.go	128.5	129.1	1	1	reachable and behaviorally important	reachable command, configuration, or client behavior
cmd/smd/group/get.go	58.3	59.1	1	1	reachable and behaviorally important	reachable command, configuration, or client behavior
cmd/smd/group/get.go	61.3	62.1	1	1	reachable and behaviorally important	reachable command, configuration, or client behavior
cmd/smd/group/get.go	88.5	89.1	1	1	reachable and behaviorally important	reachable command, configuration, or client behavior
cmd/smd/group/member/add.go	34.5	35.1	1	1	reachable and behaviorally important	reachable command, configuration, or client behavior
cmd/smd/group/member/add.go	51.5	52.1	1	1	reachable and behaviorally important	reachable command, configuration, or client behavior
cmd/smd/group/member/delete.go	37.4	38.1	1	1	reachable and behaviorally important	reachable command, configuration, or client behavior
cmd/smd/group/member/delete.go	48.3	49.1	1	1	reachable and behaviorally important	reachable command, configuration, or client behavior
cmd/smd/group/member/delete.go	54.3	55.1	1	1	reachable and behaviorally important	reachable command, configuration, or client behavior
cmd/smd/group/member/delete.go	62.5	63.1	1	1	reachable and behaviorally important	reachable command, configuration, or client behavior
cmd/smd/group/member/delete.go	91.5	92.1	1	1	reachable and behaviorally important	reachable command, configuration, or client behavior
cmd/smd/group/member/get.go	32.5	33.1	1	1	reachable and behaviorally important	reachable command, configuration, or client behavior
cmd/smd/group/member/get.go	55.5	56.1	1	1	reachable and behaviorally important	reachable command, configuration, or client behavior
cmd/smd/group/member/get.go	58.5	59.1	1	1	reachable and behaviorally important	reachable command, configuration, or client behavior
cmd/smd/group/member/set.go	39.5	40.1	1	1	reachable and behaviorally important	reachable command, configuration, or client behavior
cmd/smd/group/member/set.go	69.5	69.89	1	1	reachable and behaviorally important	reachable command, configuration, or client behavior
cmd/smd/group/membership.go	43.5	44.1	1	1	reachable and behaviorally important	reachable command, configuration, or client behavior
cmd/smd/group/membership.go	62.6	63.1	1	1	reachable and behaviorally important	reachable command, configuration, or client behavior
cmd/smd/group/membership.go	79.7	80.1	1	1	reachable and behaviorally important	reachable command, configuration, or client behavior
cmd/smd/group/membership.go	93.5	94.1	1	1	reachable and behaviorally important	reachable command, configuration, or client behavior
cmd/smd/group/membership.go	104.5	105.1	1	1	reachable and behaviorally important	reachable command, configuration, or client behavior
cmd/smd/group/membership.go	107.5	108.1	1	1	reachable and behaviorally important	reachable command, configuration, or client behavior
cmd/smd/group/update.go	44.4	45.1	1	1	reachable and behaviorally important	reachable command, configuration, or client behavior
cmd/smd/group/update.go	129.6	130.1	1	1	reachable and behaviorally important	reachable command, configuration, or client behavior
cmd/smd/group/update.go	147.5	148.1	1	1	reachable and behaviorally important	reachable command, configuration, or client behavior
cmd/smd/iface/add.go	56.6	57.1	1	1	reachable and behaviorally important	reachable command, configuration, or client behavior
cmd/smd/iface/add.go	60.6	61.1	1	1	reachable and behaviorally important	reachable command, configuration, or client behavior
cmd/smd/iface/add.go	70.5	71.1	1	1	reachable and behaviorally important	reachable command, configuration, or client behavior
cmd/smd/iface/delete.go	41.4	42.1	1	1	reachable and behaviorally important	reachable command, configuration, or client behavior
cmd/smd/iface/delete.go	52.3	53.1	1	1	reachable and behaviorally important	reachable command, configuration, or client behavior
cmd/smd/iface/delete.go	147.5	148.1	1	1	reachable and behaviorally important	reachable command, configuration, or client behavior
cmd/smd/iface/get.go	43.4	44.1	1	1	reachable and behaviorally important	reachable command, configuration, or client behavior
cmd/smd/iface/get.go	48.4	49.1	1	1	reachable and behaviorally important	reachable command, configuration, or client behavior
cmd/smd/iface/get.go	51.4	52.1	1	1	reachable and behaviorally important	reachable command, configuration, or client behavior
cmd/smd/iface/get.go	95.3	96.1	1	1	reachable and behaviorally important	reachable command, configuration, or client behavior
cmd/smd/iface/get.go	98.3	99.1	1	1	reachable and behaviorally important	reachable command, configuration, or client behavior
cmd/smd/iface/get.go	120.5	121.1	1	1	reachable and behaviorally important	reachable command, configuration, or client behavior
cmd/smd/rfe/add.go	44.3	45.1	1	1	reachable and behaviorally important	reachable command, configuration, or client behavior
cmd/smd/rfe/add.go	140.6	141.1	1	1	reachable and behaviorally important	reachable command, configuration, or client behavior
cmd/smd/rfe/add.go	150.5	151.1	1	1	reachable and behaviorally important	reachable command, configuration, or client behavior
cmd/smd/rfe/delete.go	41.4	42.1	1	1	reachable and behaviorally important	reachable command, configuration, or client behavior
cmd/smd/rfe/delete.go	52.3	53.1	1	1	reachable and behaviorally important	reachable command, configuration, or client behavior
cmd/smd/rfe/delete.go	79.4	82.1	1	1	reachable and behaviorally important	reachable command, configuration, or client behavior
cmd/smd/rfe/delete.go	147.5	148.1	1	1	reachable and behaviorally important	reachable command, configuration, or client behavior
cmd/smd/rfe/get.go	75.3	76.1	1	1	reachable and behaviorally important	reachable command, configuration, or client behavior
cmd/smd/rfe/get.go	78.3	79.1	1	1	reachable and behaviorally important	reachable command, configuration, or client behavior
cmd/smd/rfe/get.go	100.5	101.1	1	1	reachable and behaviorally important	reachable command, configuration, or client behavior
cmd/smd/service/status.go	30.5	31.1	1	1	reachable and behaviorally important	reachable command, configuration, or client behavior
cmd/smd/service/status.go	36.5	37.1	1	1	reachable and behaviorally important	reachable command, configuration, or client behavior
cmd/smd/service/status.go	41.5	42.1	1	1	reachable and behaviorally important	reachable command, configuration, or client behavior
cmd/smd/service/status.go	47.5	48.1	1	1	reachable and behaviorally important	reachable command, configuration, or client behavior
cmd/smd/service/status.go	58.5	59.1	1	1	reachable and behaviorally important	reachable command, configuration, or client behavior
cmd/smd/service/status.go	61.5	62.1	1	1	reachable and behaviorally important	reachable command, configuration, or client behavior
cmd/smd/status/status.go	31.5	32.1	1	1	reachable and behaviorally important	reachable command, configuration, or client behavior
cmd/smd/status/status.go	37.5	38.1	1	1	reachable and behaviorally important	reachable command, configuration, or client behavior
cmd/smd/status/status.go	42.5	43.1	1	1	reachable and behaviorally important	reachable command, configuration, or client behavior
cmd/smd/status/status.go	48.5	49.1	1	1	reachable and behaviorally important	reachable command, configuration, or client behavior
cmd/smd/status/status.go	53.5	54.1	1	1	reachable and behaviorally important	reachable command, configuration, or client behavior
cmd/smd/status/status.go	59.5	60.1	1	1	reachable and behaviorally important	reachable command, configuration, or client behavior
cmd/smd/status/status.go	62.5	63.1	1	1	reachable and behaviorally important	reachable command, configuration, or client behavior
cmd/version/version.go	29.5	30.1	1	2	reachable but low-risk	low-risk completion, command wiring, or informational output
internal/cli/boot_service/boot_service.go	28.3	29.1	1	1	reachable and behaviorally important	reachable command, configuration, or client behavior
internal/cli/boot_service/boot_service.go	34.3	35.1	1	1	reachable and behaviorally important	reachable command, configuration, or client behavior
internal/cli/bss/bss.go	29.3	30.1	1	1	reachable and behaviorally important	reachable command, configuration, or client behavior
internal/cli/cloud_init/cloud_init.go	80.3	81.1	1	1	reachable and behaviorally important	reachable command, configuration, or client behavior
internal/cli/metadata_service/metadata_service.go	28.3	29.1	1	1	reachable and behaviorally important	reachable command, configuration, or client behavior
internal/cli/metadata_service/metadata_service.go	34.3	35.1	1	1	reachable and behaviorally important	reachable command, configuration, or client behavior
internal/cli/pcs/pcs.go	33.3	34.1	1	1	reachable and behaviorally important	reachable command, configuration, or client behavior
internal/cli/rcs/rcs.go	21.3	22.1	1	1	reachable and behaviorally important	reachable command, configuration, or client behavior
internal/cli/rcs/rcs.go	28.3	29.1	1	1	reachable and behaviorally important	reachable command, configuration, or client behavior
internal/cli/runtime.go	97.4	98.1	1	1	reachable and behaviorally important	reachable command, configuration, or client behavior
internal/cli/runtime.go	228.3	229.1	1	1	reachable and behaviorally important	reachable command, configuration, or client behavior
internal/cli/runtime.go	266.3	267.1	1	1	reachable and behaviorally important	reachable command, configuration, or client behavior
internal/cli/runtime.go	299.4	300.1	1	1	reachable and behaviorally important	reachable command, configuration, or client behavior
internal/cli/runtime.go	301.4	302.1	1	1	reachable and behaviorally important	reachable command, configuration, or client behavior
internal/cli/runtime.go	311.3	312.1	1	1	reachable and behaviorally important	reachable command, configuration, or client behavior
internal/cli/runtime.go	331.3	333.1	2	1	reachable and behaviorally important	reachable command, configuration, or client behavior
internal/cli/runtime.go	337.3	338.1	1	1	reachable and behaviorally important	reachable command, configuration, or client behavior
internal/cli/runtime.go	367.3	368.1	1	1	reachable and behaviorally important	reachable command, configuration, or client behavior
internal/cli/runtime.go	383.6	384.1	1	1	reachable and behaviorally important	reachable command, configuration, or client behavior
internal/cli/runtime.go	418.4	419.1	1	1	reachable and behaviorally important	reachable command, configuration, or client behavior
internal/cli/runtime.go	551.4	552.1	1	1	reachable and behaviorally important	reachable command, configuration, or client behavior
internal/cli/runtime.go	636.4	637.1	1	1	reachable and behaviorally important	reachable command, configuration, or client behavior
internal/cli/runtime.go	641.4	642.1	1	1	reachable and behaviorally important	reachable command, configuration, or client behavior
internal/cli/runtime.go	655.6	656.1	1	1	reachable and behaviorally important	reachable command, configuration, or client behavior
internal/cli/runtime.go	657.11	657.17	1	1	reachable and behaviorally important	reachable command, configuration, or client behavior
internal/cli/runtime.go	659.5	659.63	1	1	reachable and behaviorally important	reachable command, configuration, or client behavior
internal/cli/runtime.go	660.6	661.1	1	1	reachable and behaviorally important	reachable command, configuration, or client behavior
internal/cli/runtime.go	664.5	665.1	1	1	reachable and behaviorally important	reachable command, configuration, or client behavior
internal/cli/runtime.go	690.4	691.1	1	1	reachable and behaviorally important	reachable command, configuration, or client behavior
internal/cli/runtime.go	697.4	698.1	1	1	reachable and behaviorally important	reachable command, configuration, or client behavior
internal/cli/runtime.go	704.4	705.1	1	1	reachable and behaviorally important	reachable command, configuration, or client behavior
internal/cli/runtime.go	723.3	724.1	1	1	reachable and behaviorally important	reachable command, configuration, or client behavior
internal/cli/runtime.go	736.3	737.1	1	1	reachable and behaviorally important	reachable command, configuration, or client behavior
internal/cli/runtime.go	745.3	746.1	1	1	reachable and behaviorally important	reachable command, configuration, or client behavior
internal/cli/runtime.go	754.3	755.1	1	1	reachable and behaviorally important	reachable command, configuration, or client behavior
internal/cli/runtime.go	760.3	761.1	1	1	reachable and behaviorally important	reachable command, configuration, or client behavior
internal/cli/runtime.go	776.3	777.1	1	1	reachable and behaviorally important	reachable command, configuration, or client behavior
internal/cli/runtime.go	792.4	793.1	1	1	reachable and behaviorally important	reachable command, configuration, or client behavior
internal/cli/runtime.go	796.4	797.1	1	1	reachable and behaviorally important	reachable command, configuration, or client behavior
internal/cli/runtime.go	799.4	800.1	1	1	reachable and behaviorally important	reachable command, configuration, or client behavior
internal/cli/smd/smd.go	29.3	30.1	1	1	reachable and behaviorally important	reachable command, configuration, or client behavior
internal/configfile/configfile.go	78.3	79.1	1	1	reachable and behaviorally important	reachable command, configuration, or client behavior
internal/configfile/configfile.go	86.3	87.1	1	1	reachable and behaviorally important	reachable command, configuration, or client behavior
internal/configfile/configfile.go	92.3	93.1	1	1	reachable and behaviorally important	reachable command, configuration, or client behavior
internal/configfile/configfile.go	115.3	116.1	1	1	reachable and behaviorally important	reachable command, configuration, or client behavior
internal/configfile/configfile.go	127.4	128.1	1	1	reachable and behaviorally important	reachable command, configuration, or client behavior
internal/configfile/configfile.go	130.4	131.1	1	1	reachable and behaviorally important	reachable command, configuration, or client behavior
internal/configfile/configfile.go	138.3	139.1	1	1	reachable and behaviorally important	reachable command, configuration, or client behavior
internal/configfile/configfile.go	150.3	151.1	1	1	reachable and behaviorally important	reachable command, configuration, or client behavior
internal/configfile/configfile.go	166.5	167.1	1	1	reachable and behaviorally important	reachable command, configuration, or client behavior
internal/configfile/configfile.go	178.3	179.1	1	1	reachable and behaviorally important	reachable command, configuration, or client behavior
internal/configfile/configfile.go	210.3	211.1	1	1	reachable and behaviorally important	reachable command, configuration, or client behavior
internal/configfile/configfile.go	245.4	247.1	2	1	reachable and behaviorally important	reachable command, configuration, or client behavior
internal/configfile/configfile.go	250.3	251.1	1	1	reachable and behaviorally important	reachable command, configuration, or client behavior
internal/configfile/configfile.go	253.3	254.1	1	1	reachable and behaviorally important	reachable command, configuration, or client behavior
internal/configfile/configfile.go	256.3	257.1	1	1	reachable and behaviorally important	reachable command, configuration, or client behavior
internal/configfile/configfile.go	259.3	260.1	1	1	reachable and behaviorally important	reachable command, configuration, or client behavior
internal/configfile/configfile.go	274.3	275.1	1	1	reachable and behaviorally important	reachable command, configuration, or client behavior
internal/configfile/configfile.go	299.3	300.1	1	1	reachable and behaviorally important	reachable command, configuration, or client behavior
internal/configfile/configfile.go	305.3	306.1	1	1	reachable and behaviorally important	reachable command, configuration, or client behavior
internal/configfile/configfile.go	348.3	349.1	1	1	reachable and behaviorally important	reachable command, configuration, or client behavior
internal/configfile/configfile.go	353.3	354.1	1	1	reachable and behaviorally important	reachable command, configuration, or client behavior
internal/configfile/configfile.go	359.3	360.1	1	1	reachable and behaviorally important	reachable command, configuration, or client behavior
internal/configfile/configfile.go	375.4	376.1	1	1	reachable and behaviorally important	reachable command, configuration, or client behavior
internal/configfile/configfile.go	380.3	381.1	1	1	reachable and behaviorally important	reachable command, configuration, or client behavior
internal/configfile/configfile.go	401.3	402.1	1	1	reachable and behaviorally important	reachable command, configuration, or client behavior
internal/configfile/configfile.go	422.3	423.1	1	1	reachable and behaviorally important	reachable command, configuration, or client behavior
internal/configfile/configfile.go	428.3	429.1	1	1	reachable and behaviorally important	reachable command, configuration, or client behavior
internal/configfile/configfile.go	437.5	438.1	1	1	reachable and behaviorally important	reachable command, configuration, or client behavior
internal/configfile/configfile.go	453.3	454.1	1	1	reachable and behaviorally important	reachable command, configuration, or client behavior
internal/configfile/configfile.go	457.3	458.1	1	1	reachable and behaviorally important	reachable command, configuration, or client behavior
internal/configfile/configfile.go	519.3	520.1	1	1	reachable and behaviorally important	reachable command, configuration, or client behavior
internal/configfile/configfile.go	530.3	531.1	1	1	reachable and behaviorally important	reachable command, configuration, or client behavior
internal/configfile/configfile.go	544.3	545.1	1	1	reachable and behaviorally important	reachable command, configuration, or client behavior
internal/configfile/merge.go	47.5	48.1	1	1	reachable and behaviorally important	reachable command, configuration, or client behavior
internal/configfile/merge.go	54.5	55.1	1	1	reachable and behaviorally important	reachable command, configuration, or client behavior
internal/configfile/merge.go	97.9	98.1	1	1	reachable and behaviorally important	reachable command, configuration, or client behavior
internal/configfile/sync_unix.go	17.3	19.1	2	4	platform/terminal/signal-specific	platform-specific operating-system behavior
internal/io/io.go	52.3	53.1	1	1	reachable and behaviorally important	reachable command, configuration, or client behavior
internal/log/color.go	31.3	32.1	1	1	reachable and behaviorally important	reachable command, configuration, or client behavior
internal/log/log.go	114.53	114.64	1	1	reachable and behaviorally important	reachable command, configuration, or client behavior
internal/log/log.go	115.49	115.98	1	1	reachable and behaviorally important	reachable command, configuration, or client behavior
internal/log/log.go	142.4	143.1	1	1	reachable and behaviorally important	reachable command, configuration, or client behavior
main.go	11.2	12.1	1	3	process-boundary integration	requires subprocess exit or top-level process execution
pkg/client/boot_service/bmc.go	69.3	70.1	1	1	reachable and behaviorally important	reachable command, configuration, or client behavior
pkg/client/boot_service/bmc.go	89.3	90.1	1	1	reachable and behaviorally important	reachable command, configuration, or client behavior
pkg/client/boot_service/bmc.go	105.3	106.1	1	1	reachable and behaviorally important	reachable command, configuration, or client behavior
pkg/client/boot_service/bmc.go	110.3	111.1	1	1	reachable and behaviorally important	reachable command, configuration, or client behavior
pkg/client/boot_service/bootconfig.go	70.3	71.1	1	1	reachable and behaviorally important	reachable command, configuration, or client behavior
pkg/client/boot_service/bootconfig.go	90.3	91.1	1	1	reachable and behaviorally important	reachable command, configuration, or client behavior
pkg/client/boot_service/bootconfig.go	109.3	110.1	1	1	reachable and behaviorally important	reachable command, configuration, or client behavior
pkg/client/boot_service/bootconfig.go	114.3	115.1	1	1	reachable and behaviorally important	reachable command, configuration, or client behavior
pkg/client/boot_service/bootconfig.go	135.3	136.1	1	1	reachable and behaviorally important	reachable command, configuration, or client behavior
pkg/client/boot_service/client.go	41.3	42.1	1	1	reachable and behaviorally important	reachable command, configuration, or client behavior
pkg/client/boot_service/client.go	48.3	49.1	1	1	reachable and behaviorally important	reachable command, configuration, or client behavior
pkg/client/boot_service/client.go	54.3	55.1	1	1	reachable and behaviorally important	reachable command, configuration, or client behavior
pkg/client/boot_service/health.go	23.3	24.1	1	1	reachable and behaviorally important	reachable command, configuration, or client behavior
pkg/client/boot_service/health.go	28.3	29.1	1	1	reachable and behaviorally important	reachable command, configuration, or client behavior
pkg/client/boot_service/node.go	69.3	70.1	1	1	reachable and behaviorally important	reachable command, configuration, or client behavior
pkg/client/boot_service/node.go	89.3	90.1	1	1	reachable and behaviorally important	reachable command, configuration, or client behavior
pkg/client/boot_service/node.go	108.3	109.1	1	1	reachable and behaviorally important	reachable command, configuration, or client behavior
pkg/client/boot_service/node.go	113.3	114.1	1	1	reachable and behaviorally important	reachable command, configuration, or client behavior
pkg/client/boot_service/node.go	133.3	134.1	1	1	reachable and behaviorally important	reachable command, configuration, or client behavior
pkg/client/bss/bss.go	43.3	44.1	1	1	reachable and behaviorally important	reachable command, configuration, or client behavior
pkg/client/bss/bss.go	64.3	65.1	1	1	reachable and behaviorally important	reachable command, configuration, or client behavior
pkg/client/bss/bss.go	90.3	91.1	1	1	reachable and behaviorally important	reachable command, configuration, or client behavior
pkg/client/bss/bss.go	116.3	117.1	1	1	reachable and behaviorally important	reachable command, configuration, or client behavior
pkg/client/bss/bss.go	142.3	143.1	1	1	reachable and behaviorally important	reachable command, configuration, or client behavior
pkg/client/bss/bss.go	222.3	223.1	1	1	reachable and behaviorally important	reachable command, configuration, or client behavior
pkg/client/client.go	77.3	78.1	1	1	reachable and behaviorally important	reachable command, configuration, or client behavior
pkg/client/client.go	92.3	93.1	1	1	reachable and behaviorally important	reachable command, configuration, or client behavior
pkg/client/client.go	188.3	189.1	1	1	reachable and behaviorally important	reachable command, configuration, or client behavior
pkg/client/client.go	210.3	211.1	1	1	reachable and behaviorally important	reachable command, configuration, or client behavior
pkg/client/client.go	232.3	233.1	1	1	reachable and behaviorally important	reachable command, configuration, or client behavior
pkg/client/client.go	254.3	255.1	1	1	reachable and behaviorally important	reachable command, configuration, or client behavior
pkg/client/client.go	264.3	264.18	1	1	reachable and behaviorally important	reachable command, configuration, or client behavior
pkg/client/client.go	265.4	266.1	1	1	reachable and behaviorally important	reachable command, configuration, or client behavior
pkg/client/client.go	267.4	268.1	1	1	reachable and behaviorally important	reachable command, configuration, or client behavior
pkg/client/client.go	309.3	310.1	1	1	reachable and behaviorally important	reachable command, configuration, or client behavior
pkg/client/client.go	336.3	337.1	1	1	reachable and behaviorally important	reachable command, configuration, or client behavior
pkg/client/client.go	347.3	348.1	1	1	reachable and behaviorally important	reachable command, configuration, or client behavior
pkg/client/client.go	363.3	364.1	1	1	reachable and behaviorally important	reachable command, configuration, or client behavior
pkg/client/client.go	426.3	428.17	3	1	reachable and behaviorally important	reachable command, configuration, or client behavior
pkg/client/client.go	429.4	430.1	1	1	reachable and behaviorally important	reachable command, configuration, or client behavior
pkg/client/client.go	461.4	462.1	1	1	reachable and behaviorally important	reachable command, configuration, or client behavior
pkg/client/client.go	473.3	474.1	1	1	reachable and behaviorally important	reachable command, configuration, or client behavior
pkg/client/client.go	495.3	496.1	1	1	reachable and behaviorally important	reachable command, configuration, or client behavior
pkg/client/client.go	528.3	529.1	1	1	reachable and behaviorally important	reachable command, configuration, or client behavior
pkg/client/client.go	550.3	551.1	1	1	reachable and behaviorally important	reachable command, configuration, or client behavior
pkg/client/client.go	571.3	572.1	1	1	reachable and behaviorally important	reachable command, configuration, or client behavior
pkg/client/client.go	597.3	598.1	1	1	reachable and behaviorally important	reachable command, configuration, or client behavior
pkg/client/cloud_init/cloud_init.go	88.3	89.1	1	1	reachable and behaviorally important	reachable command, configuration, or client behavior
pkg/client/cloud_init/cloud_init.go	143.4	144.1	1	1	reachable and behaviorally important	reachable command, configuration, or client behavior
pkg/client/cloud_init/cloud_init.go	170.4	171.1	1	1	reachable and behaviorally important	reachable command, configuration, or client behavior
pkg/client/cloud_init/cloud_init.go	200.4	201.1	1	1	reachable and behaviorally important	reachable command, configuration, or client behavior
pkg/client/cloud_init/cloud_init.go	232.3	233.1	1	1	reachable and behaviorally important	reachable command, configuration, or client behavior
pkg/client/cloud_init/cloud_init.go	258.4	259.1	1	1	reachable and behaviorally important	reachable command, configuration, or client behavior
pkg/client/cloud_init/cloud_init.go	283.4	284.1	1	1	reachable and behaviorally important	reachable command, configuration, or client behavior
pkg/client/cloud_init/cloud_init.go	287.4	288.1	1	1	reachable and behaviorally important	reachable command, configuration, or client behavior
pkg/client/cloud_init/cloud_init.go	313.4	314.1	1	1	reachable and behaviorally important	reachable command, configuration, or client behavior
pkg/client/cloud_init/cloud_init.go	317.4	318.1	1	1	reachable and behaviorally important	reachable command, configuration, or client behavior
pkg/client/cloud_init/cloud_init.go	342.4	343.1	1	1	reachable and behaviorally important	reachable command, configuration, or client behavior
pkg/client/http.go	62.3	63.1	1	1	reachable and behaviorally important	reachable command, configuration, or client behavior
pkg/client/http.go	74.3	75.1	1	1	reachable and behaviorally important	reachable command, configuration, or client behavior
pkg/client/metadata_service/client.go	48.3	49.1	1	1	reachable and behaviorally important	reachable command, configuration, or client behavior
pkg/client/metadata_service/defaults.go	71.3	72.1	1	1	reachable and behaviorally important	reachable command, configuration, or client behavior
pkg/client/metadata_service/defaults.go	91.3	92.1	1	1	reachable and behaviorally important	reachable command, configuration, or client behavior
pkg/client/metadata_service/defaults.go	108.3	109.1	1	1	reachable and behaviorally important	reachable command, configuration, or client behavior
pkg/client/metadata_service/defaults.go	113.3	114.1	1	1	reachable and behaviorally important	reachable command, configuration, or client behavior
pkg/client/metadata_service/defaults.go	133.3	134.1	1	1	reachable and behaviorally important	reachable command, configuration, or client behavior
pkg/client/metadata_service/group.go	70.3	71.1	1	1	reachable and behaviorally important	reachable command, configuration, or client behavior
pkg/client/metadata_service/group.go	90.3	91.1	1	1	reachable and behaviorally important	reachable command, configuration, or client behavior
pkg/client/metadata_service/group.go	107.3	108.1	1	1	reachable and behaviorally important	reachable command, configuration, or client behavior
pkg/client/metadata_service/group.go	112.3	113.1	1	1	reachable and behaviorally important	reachable command, configuration, or client behavior
pkg/client/metadata_service/group.go	132.3	133.1	1	1	reachable and behaviorally important	reachable command, configuration, or client behavior
pkg/client/metadata_service/health.go	28.3	29.1	1	1	reachable and behaviorally important	reachable command, configuration, or client behavior
pkg/client/metadata_service/instanceinfo.go	71.3	72.1	1	1	reachable and behaviorally important	reachable command, configuration, or client behavior
pkg/client/metadata_service/instanceinfo.go	91.3	92.1	1	1	reachable and behaviorally important	reachable command, configuration, or client behavior
pkg/client/metadata_service/instanceinfo.go	108.3	109.1	1	1	reachable and behaviorally important	reachable command, configuration, or client behavior
pkg/client/metadata_service/instanceinfo.go	113.3	114.1	1	1	reachable and behaviorally important	reachable command, configuration, or client behavior
pkg/client/metadata_service/instanceinfo.go	133.3	134.1	1	1	reachable and behaviorally important	reachable command, configuration, or client behavior
pkg/client/metadata_service/wireguardpeer.go	71.3	72.1	1	1	reachable and behaviorally important	reachable command, configuration, or client behavior
pkg/client/metadata_service/wireguardpeer.go	91.3	92.1	1	1	reachable and behaviorally important	reachable command, configuration, or client behavior
pkg/client/metadata_service/wireguardpeer.go	108.3	109.1	1	1	reachable and behaviorally important	reachable command, configuration, or client behavior
pkg/client/metadata_service/wireguardpeer.go	113.3	114.1	1	1	reachable and behaviorally important	reachable command, configuration, or client behavior
pkg/client/metadata_service/wireguardpeer.go	133.3	134.1	1	1	reachable and behaviorally important	reachable command, configuration, or client behavior
pkg/client/patch.go	86.4	87.1	1	1	reachable and behaviorally important	reachable command, configuration, or client behavior
pkg/client/patch.go	116.4	117.1	1	1	reachable and behaviorally important	reachable command, configuration, or client behavior
pkg/client/patch.go	126.4	127.1	1	1	reachable and behaviorally important	reachable command, configuration, or client behavior
pkg/client/patch.go	133.4	134.1	1	1	reachable and behaviorally important	reachable command, configuration, or client behavior
pkg/client/patch.go	155.3	156.1	1	1	reachable and behaviorally important	reachable command, configuration, or client behavior
pkg/client/patch.go	169.3	170.1	1	1	reachable and behaviorally important	reachable command, configuration, or client behavior
pkg/client/pcs/pcs.go	40.3	41.1	1	1	reachable and behaviorally important	reachable command, configuration, or client behavior
pkg/client/pcs/pcs.go	59.3	60.1	1	1	reachable and behaviorally important	reachable command, configuration, or client behavior
pkg/client/pcs/pcs.go	132.3	133.1	1	1	reachable and behaviorally important	reachable command, configuration, or client behavior
pkg/client/pcs/pcs.go	138.3	139.1	1	1	reachable and behaviorally important	reachable command, configuration, or client behavior
pkg/client/pcs/pcs.go	186.3	188.1	2	1	reachable and behaviorally important	reachable command, configuration, or client behavior
pkg/client/pcs/pcs.go	214.3	216.1	2	1	reachable and behaviorally important	reachable command, configuration, or client behavior
pkg/client/rcs/rcs.go	52.66	52.94	1	4	platform/terminal/signal-specific	terminal or interactive console behavior
pkg/client/rcs/rcs.go	53.66	53.91	1	4	platform/terminal/signal-specific	terminal or interactive console behavior
pkg/client/rcs/rcs.go	54.66	54.98	1	4	platform/terminal/signal-specific	terminal or interactive console behavior
pkg/client/rcs/rcs.go	90.3	91.1	1	1	reachable and behaviorally important	reachable command, configuration, or client behavior
pkg/client/rcs/rcs.go	116.3	117.1	1	1	reachable and behaviorally important	reachable command, configuration, or client behavior
pkg/client/rcs/rcs.go	121.3	122.1	1	1	reachable and behaviorally important	reachable command, configuration, or client behavior
pkg/client/rcs/rcs.go	155.3	156.1	1	1	reachable and behaviorally important	reachable command, configuration, or client behavior
pkg/client/rcs/rcs.go	177.3	178.1	1	1	reachable and behaviorally important	reachable command, configuration, or client behavior
pkg/client/rcs/rcs.go	196.3	197.1	1	1	reachable and behaviorally important	reachable command, configuration, or client behavior
pkg/client/rcs/rcs.go	215.3	216.1	1	1	reachable and behaviorally important	reachable command, configuration, or client behavior
pkg/client/rcs/rcs.go	230.4	230.14	1	1	reachable and behaviorally important	reachable command, configuration, or client behavior
pkg/client/rcs/rcs.go	233.4	234.1	1	1	reachable and behaviorally important	reachable command, configuration, or client behavior
pkg/client/rcs/rcs.go	271.3	272.1	1	4	platform/terminal/signal-specific	terminal or interactive console behavior
pkg/client/rcs/rcs.go	293.5	294.1	1	4	platform/terminal/signal-specific	terminal or interactive console behavior
pkg/client/rcs/rcs.go	299.4	299.12	1	4	platform/terminal/signal-specific	terminal or interactive console behavior
pkg/client/rcs/rcs.go	321.5	322.1	1	4	platform/terminal/signal-specific	terminal or interactive console behavior
pkg/client/rcs/rcs.go	327.4	327.12	1	4	platform/terminal/signal-specific	terminal or interactive console behavior
pkg/client/rcs/rcs.go	331.4	333.1	2	4	platform/terminal/signal-specific	terminal or interactive console behavior
pkg/client/rcs/rcs.go	350.2	351.16	2	4	platform/terminal/signal-specific	terminal or interactive console behavior
pkg/client/rcs/rcs.go	352.3	353.1	1	4	platform/terminal/signal-specific	terminal or interactive console behavior
pkg/client/rcs/rcs.go	355.2	356.1	2	4	platform/terminal/signal-specific	terminal or interactive console behavior
pkg/client/rcs/rcs.go	357.2	357.90	2	4	platform/terminal/signal-specific	terminal or interactive console behavior
pkg/client/rcs/rcs.go	374.5	376.1	2	4	platform/terminal/signal-specific	terminal or interactive console behavior
pkg/client/rcs/rcs.go	399.34	399.34	0	4	platform/terminal/signal-specific	terminal or interactive console behavior
pkg/client/rcs/rcs.go	410.3	411.1	1	1	reachable and behaviorally important	reachable command, configuration, or client behavior
pkg/client/rcs/rcs.go	429.3	430.1	1	1	reachable and behaviorally important	reachable command, configuration, or client behavior
pkg/client/smd/smd.go	143.3	144.1	1	1	reachable and behaviorally important	reachable command, configuration, or client behavior
pkg/client/smd/smd.go	175.3	176.1	1	1	reachable and behaviorally important	reachable command, configuration, or client behavior
pkg/client/smd/smd.go	283.4	284.1	1	1	reachable and behaviorally important	reachable command, configuration, or client behavior
pkg/client/smd/smd.go	286.4	287.1	1	1	reachable and behaviorally important	reachable command, configuration, or client behavior
pkg/client/smd/smd.go	290.4	291.1	1	1	reachable and behaviorally important	reachable command, configuration, or client behavior
pkg/client/smd/smd.go	373.3	374.1	1	1	reachable and behaviorally important	reachable command, configuration, or client behavior
pkg/client/smd/smd.go	416.3	417.1	1	1	reachable and behaviorally important	reachable command, configuration, or client behavior
pkg/client/smd/smd.go	442.4	443.1	1	1	reachable and behaviorally important	reachable command, configuration, or client behavior
pkg/client/smd/smd.go	462.4	463.1	1	1	reachable and behaviorally important	reachable command, configuration, or client behavior
pkg/client/smd/smd.go	484.4	485.1	1	1	reachable and behaviorally important	reachable command, configuration, or client behavior
pkg/client/smd/smd.go	506.4	507.1	1	1	reachable and behaviorally important	reachable command, configuration, or client behavior
pkg/client/smd/smd.go	534.4	535.1	1	1	reachable and behaviorally important	reachable command, configuration, or client behavior
pkg/client/smd/smd.go	538.4	539.1	1	1	reachable and behaviorally important	reachable command, configuration, or client behavior
pkg/client/smd/smd.go	565.4	566.1	1	1	reachable and behaviorally important	reachable command, configuration, or client behavior
pkg/client/smd/smd.go	572.4	573.1	1	1	reachable and behaviorally important	reachable command, configuration, or client behavior
pkg/client/smd/smd.go	597.4	598.1	1	1	reachable and behaviorally important	reachable command, configuration, or client behavior
pkg/client/smd/smd.go	601.4	602.1	1	1	reachable and behaviorally important	reachable command, configuration, or client behavior
pkg/client/smd/smd.go	624.4	625.1	1	1	reachable and behaviorally important	reachable command, configuration, or client behavior
pkg/client/smd/smd.go	628.4	629.1	1	1	reachable and behaviorally important	reachable command, configuration, or client behavior
pkg/client/smd/smd.go	667.3	668.1	1	1	reachable and behaviorally important	reachable command, configuration, or client behavior
pkg/client/smd/smd.go	676.3	677.1	1	1	reachable and behaviorally important	reachable command, configuration, or client behavior
pkg/client/smd/smd.go	702.3	703.1	1	1	reachable and behaviorally important	reachable command, configuration, or client behavior
pkg/client/smd/smd.go	717.3	718.1	1	1	reachable and behaviorally important	reachable command, configuration, or client behavior
pkg/client/smd/smd.go	753.4	754.1	1	1	reachable and behaviorally important	reachable command, configuration, or client behavior
pkg/client/smd/smd.go	757.4	758.1	1	1	reachable and behaviorally important	reachable command, configuration, or client behavior
pkg/client/smd/smd.go	783.4	784.1	1	1	reachable and behaviorally important	reachable command, configuration, or client behavior
pkg/client/smd/smd.go	787.4	788.1	1	1	reachable and behaviorally important	reachable command, configuration, or client behavior
pkg/client/smd/smd.go	808.4	809.1	1	1	reachable and behaviorally important	reachable command, configuration, or client behavior
pkg/client/smd/smd.go	852.4	853.1	1	1	reachable and behaviorally important	reachable command, configuration, or client behavior
pkg/client/smd/smd.go	898.4	899.1	1	1	reachable and behaviorally important	reachable command, configuration, or client behavior
pkg/client/smd/smd.go	944.4	945.1	1	1	reachable and behaviorally important	reachable command, configuration, or client behavior
pkg/client/smd/smd.go	989.4	990.1	1	1	reachable and behaviorally important	reachable command, configuration, or client behavior
pkg/client/smd/smd.go	1018.4	1019.1	1	1	reachable and behaviorally important	reachable command, configuration, or client behavior
pkg/config/config.go	207.3	208.1	1	1	reachable and behaviorally important	reachable command, configuration, or client behavior
pkg/config/config.go	245.4	246.1	1	1	reachable and behaviorally important	reachable command, configuration, or client behavior
pkg/config/config.go	311.4	312.1	1	1	reachable and behaviorally important	reachable command, configuration, or client behavior
pkg/config/config.go	322.3	323.1	1	1	reachable and behaviorally important	reachable command, configuration, or client behavior
pkg/config/config.go	331.5	332.1	1	1	reachable and behaviorally important	reachable command, configuration, or client behavior
pkg/config/config.go	344.4	345.1	1	1	reachable and behaviorally important	reachable command, configuration, or client behavior
pkg/config/config.go	358.3	358.13	1	1	reachable and behaviorally important	reachable command, configuration, or client behavior
pkg/config/config.go	365.2	365.11	1	1	reachable and behaviorally important	reachable command, configuration, or client behavior
pkg/config/config.go	380.3	381.1	1	1	reachable and behaviorally important	reachable command, configuration, or client behavior
pkg/config/config.go	470.3	471.1	1	1	reachable and behaviorally important	reachable command, configuration, or client behavior
pkg/config/config.go	525.4	526.1	1	1	reachable and behaviorally important	reachable command, configuration, or client behavior
pkg/config/config.go	530.5	531.1	1	1	reachable and behaviorally important	reachable command, configuration, or client behavior
pkg/config/config.go	538.5	538.66	1	1	reachable and behaviorally important	reachable command, configuration, or client behavior
pkg/config/config.go	539.6	540.1	1	1	reachable and behaviorally important	reachable command, configuration, or client behavior
pkg/config/config.go	542.5	542.138	1	1	reachable and behaviorally important	reachable command, configuration, or client behavior
pkg/config/config.go	557.3	558.1	1	1	reachable and behaviorally important	reachable command, configuration, or client behavior
pkg/config/config.go	570.3	571.1	1	1	reachable and behaviorally important	reachable command, configuration, or client behavior
pkg/config/validate.go	80.3	81.1	1	1	reachable and behaviorally important	reachable command, configuration, or client behavior
pkg/config/validate.go	97.3	98.1	1	1	reachable and behaviorally important	reachable command, configuration, or client behavior
pkg/config/validate.go	103.4	103.12	1	1	reachable and behaviorally important	reachable command, configuration, or client behavior
pkg/config/validate.go	107.5	111.1	1	1	reachable and behaviorally important	reachable command, configuration, or client behavior
pkg/config/validate.go	177.4	178.1	1	1	reachable and behaviorally important	reachable command, configuration, or client behavior
pkg/config/validate.go	188.3	189.1	1	1	reachable and behaviorally important	reachable command, configuration, or client behavior
pkg/discover/discover.go	58.4	59.1	1	1	reachable and behaviorally important	reachable command, configuration, or client behavior
pkg/discover/discover.go	91.5	92.1	1	1	reachable and behaviorally important	reachable command, configuration, or client behavior
pkg/discover/discover.go	138.4	139.12	2	1	reachable and behaviorally important	reachable command, configuration, or client behavior
pkg/discover/discover.go	161.5	162.1	1	1	reachable and behaviorally important	reachable command, configuration, or client behavior
pkg/discover/discover.go	256.4	257.1	1	1	reachable and behaviorally important	reachable command, configuration, or client behavior
pkg/discover/discover.go	297.5	298.1	1	1	reachable and behaviorally important	reachable command, configuration, or client behavior
pkg/discover/discover.go	340.4	341.1	1	1	reachable and behaviorally important	reachable command, configuration, or client behavior
pkg/discover/discover.go	359.5	360.1	1	1	reachable and behaviorally important	reachable command, configuration, or client behavior
pkg/format/format.go	142.4	143.1	1	1	reachable and behaviorally important	reachable command, configuration, or client behavior
pkg/format/format.go	182.4	183.1	1	1	reachable and behaviorally important	reachable command, configuration, or client behavior
pkg/format/format.go	190.4	191.1	1	1	reachable and behaviorally important	reachable command, configuration, or client behavior
